cve_periodo,cve_institucion,Concentracion,Monto_Acumulado,Participacion_Acumulada
201512,040044,Cliente 1000,77062091843,0.9889
201612,040021,Cliente 9,21903263905,0.1568
201612,040044,Cliente 12,23619879778,0.2439
201512,040014,Cliente 15,46147957049,0.1833
201512,040044,Cliente 100,46344295385,0.5947
201512,040044,Cliente 7,15426649879,0.198
201612,040036,Cliente 6,55392789067,0.3125
201512,040036,Cliente 3,23724219186,0.1567
201512,040044,Cliente 40,32933180467,0.4226
201512,040002,Cliente 400,1.42508E+11,0.6724
201512,040014,Cliente 2,14743277837,0.0586
201512,040036,Cliente 200,1.45399E+11,0.9602
201512,040002,Cliente 140,1.06186E+11,0.501
201612,040012,Cliente 180,1.99085E+11,0.5103
201612,040012,Cliente 12,50834900242,0.1303
201612,040072,Cliente 150,1.18572E+11,0.5718
201612,040036,Cliente 8,67147355591,0.3788
201612,040014,Cliente 20,57113363120,0.2073
201512,040036,Cliente 70,1.28569E+11,0.849
201612,040012,Cliente 50,1.1914E+11,0.3054
201512,040021,Cliente 400,1.09712E+11,0.869
201512,040021,Cliente 3,9268777247,0.0734
201612,040044,Cliente 16,26663616024,0.2753
201512,040014,Cliente 150,1.17062E+11,0.465
201512,040021,Cliente 200,96210017933,0.762
201512,040036,Cliente 170,1.43792E+11,0.9495
201612,040021,Cliente 300,1.16756E+11,0.8358
201512,040002,Cliente 190,1.16753E+11,0.5509
201612,040014,Cliente 200,1.38728E+11,0.5035
201512,040044,Cliente 2,7493028161,0.0962
201612,040002,Cliente 4,14858080285,0.0609
201512,040036,Cliente 13,68146708875,0.45
201512,040014,Cliente 70,89046228076,0.3537
201612,040072,Cliente 190,1.26245E+11,0.6089
201612,040014,Cliente 14,47946286993,0.174
201612,040036,Cliente 9,72310978573,0.4079
201612,040014,Cliente 8,35593430991,0.1292
201512,040002,Cliente 1000,1.67453E+11,0.7901
201612,040036,Cliente 130,1.67313E+11,0.9439
201612,040012,Cliente 400,2.49649E+11,0.64
201512,040014,Cliente 13,42991665017,0.1708
201612,040002,Cliente 300,1.50282E+11,0.6165
201612,040072,Cliente 2,7947709177,0.0383
201512,040036,Cliente 90,1.34535E+11,0.8884
201512,040036,Cliente 17,78949611369,0.5213
201512,040012,Cliente 3,18532684236,0.0574
201612,040072,Cliente 10,27225048210,0.1313
201612,040014,Cliente 400,1.64336E+11,0.5964
201612,040014,Cliente 110,1.16069E+11,0.4213
201612,040021,Cliente 7,18187651038,0.1302
201612,040014,Cliente 16,51096715175,0.1854
201612,040002,Cliente 200,1.34077E+11,0.55
201512,040072,Cliente 12,33377445501,0.1834
201612,040021,Cliente 110,89210226049,0.6386
201512,040012,Cliente 19,62079109120,0.1923
201612,040021,Cliente 120,92037564306,0.6588
201512,040044,Cliente 160,53701480905,0.6892
201512,040021,Cliente 30,43384036723,0.3436
201612,040044,Cliente 3,12188479460,0.1259
201512,040012,Cliente 1000,2.47135E+11,0.7655
201612,040044,Cliente 4,14192307282,0.1465
201612,040021,Cliente 1000,1.31725E+11,0.9429
201512,040014,Cliente 8,33701379693,0.1339
201512,040072,Cliente 6,20025762514,0.11
201612,040036,Cliente 13,90268115996,0.5092
201512,040012,Cliente 200,1.71023E+11,0.5297
201612,040012,Cliente 170,1.95305E+11,0.5007
201512,040014,Cliente 90,98201543651,0.3901
201512,040002,Cliente 60,78183100552,0.3689
201512,040014,Cliente 10,37651436095,0.1496
201512,040014,Cliente 140,1.14602E+11,0.4553
201612,040072,Cliente 4,13840144126,0.0667
201512,040072,Cliente 110,93972621330,0.5163
201612,040036,Cliente 300,1.74714E+11,0.9856
201612,040012,Cliente 11,47825343581,0.1226
201612,040002,Cliente 40,66791447081,0.274
201512,040002,Cliente 19,47292965761,0.2232
201612,040021,Cliente 140,96845375252,0.6932
201612,040021,Cliente 16,32095999944,0.2298
201512,040044,Cliente 5,12820026113,0.1645
201512,040014,Cliente 180,1.23306E+11,0.4898
201612,040072,Cliente 130,1.13938E+11,0.5495
201512,040036,Cliente 180,1.4437E+11,0.9534
201612,040036,Cliente 500,1.76108E+11,0.9935
201612,040072,Cliente 160,1.2063E+11,0.5818
201512,040012,Cliente 500,2.16865E+11,0.6717
201612,040044,Cliente 140,63948840034,0.6603
201612,040021,Cliente 80,78554097717,0.5623
201612,040002,Cliente 500,1.68629E+11,0.6917
201512,040012,Cliente 15,54136834770,0.1677
201512,040072,Cliente 80,85357071971,0.469
201512,040012,Cliente 20,63811551570,0.1977
201512,040021,Cliente 50,56369469425,0.4465
201612,040036,Cliente 7,61374665090,0.3462
201512,040012,Cliente 1,7800508327,0.0242
201512,040072,Cliente 130,98739298916,0.5425
201612,040072,Cliente 100,1.0515E+11,0.5071
201512,040014,Cliente 60,83290802134,0.3309
201612,040012,Cliente 30,90387796090,0.2317
201512,040036,Cliente 2,16211173114,0.1071
201512,040021,Cliente 130,84577057070,0.6699
201512,040021,Cliente 19,33309126576,0.2638
201512,040072,Cliente 200,1.10897E+11,0.6093
201512,040021,Cliente 40,50249679482,0.398
201612,040036,Cliente 17,1.02374E+11,0.5775
201512,040036,Cliente 110,1.38162E+11,0.9124
201512,040014,Cliente 20,52762601356,0.2096
201512,040002,Cliente 3,21604908226,0.1019
201512,040036,Cliente 190,1.44906E+11,0.9569
201512,040002,Cliente 90,91364000179,0.4311
201612,040044,Cliente 190,70073888291,0.7236
201612,040021,Cliente 130,94567263796,0.6769
201612,040002,Cliente 1,5813616570,0.0238
201512,040021,Cliente 140,86687214077,0.6866
201612,040044,Cliente 20,29342758377,0.303
201512,040002,Cliente 130,1.03689E+11,0.4893
201512,040036,Cliente 7,44937032787,0.2967
201612,040014,Cliente 140,1.2537E+11,0.455
201612,040044,Cliente 170,67892945118,0.701
201512,040036,Cliente 20,85568140808,0.5651
201512,040021,Cliente 12,24827336202,0.1966
201612,040012,Cliente 5,26764436109,0.0686
201612,040072,Cliente 9,25220236648,0.1216
201612,040044,Cliente 1000,95400684600,0.9851
201512,040014,Cliente 9,35703961637,0.1418
201612,040002,Cliente 140,1.19369E+11,0.4896
201512,040021,Cliente 13,26127962910,0.2069
201512,040021,Cliente 10,22160919821,0.1755
201512,040036,Cliente 16,76714261729,0.5066
201612,040072,Cliente 8,23062570268,0.1112
201612,040002,Cliente 180,1.29737E+11,0.5322
201612,040021,Cliente 40,56090862717,0.4015
201512,040014,Cliente 17,48957922426,0.1945
201612,040014,Cliente 6,30004942712,0.1089
201612,040012,Cliente 150,1.87045E+11,0.4795
201612,040044,Cliente 400,83444517896,0.8616
201612,040012,Cliente 300,2.31992E+11,0.5947
201512,040012,Cliente 17,58356517599,0.1808
201512,040012,Cliente 400,2.06117E+11,0.6384
201612,040072,Cliente 20,45130781130,0.2177
201512,040044,Cliente 17,23266370631,0.2986
201612,040072,Cliente 40,72253462499,0.3485
201512,040002,Cliente 160,1.10758E+11,0.5226
201612,040012,Cliente 9,41348593318,0.106
201612,040036,Cliente 400,1.75706E+11,0.9912
201512,040021,Cliente 11,23503528709,0.1862
201612,040012,Cliente 16,61828628425,0.1585
201512,040002,Cliente 18,46220534282,0.2181
201512,040044,Cliente 16,22657816701,0.2908
201512,040002,Cliente 200,1.18593E+11,0.5596
201612,040002,Cliente 17,41373031184,0.1697
201512,040021,Cliente 70,66206177624,0.5244
201512,040012,Cliente 6,31140087430,0.0965
201512,040044,Cliente 170,54688860134,0.7018
201512,040072,Cliente 120,96470780134,0.5301
201612,040012,Cliente 90,1.55291E+11,0.3981
201612,040044,Cliente 500,87088190485,0.8992
201512,040044,Cliente 10,18247356229,0.2342
201512,040044,Cliente 50,35849592235,0.4601
201512,040014,Cliente 100,1.02108E+11,0.4056
201512,040002,Cliente 20,48328177657,0.228
201512,040036,Cliente 19,83383159708,0.5506
201512,040014,Cliente 170,1.21391E+11,0.4822
201612,040044,Cliente 50,43078459971,0.4448
201512,040036,Cliente 4,29733631613,0.1963
201612,040044,Cliente 30,34829931437,0.3596
201512,040044,Cliente 110,47773864334,0.6131
201512,040072,Cliente 180,1.08054E+11,0.5937
201512,040012,Cliente 18,60230638868,0.1866
201612,040021,Cliente 17,33352603665,0.2387
201512,040044,Cliente 120,49118188623,0.6303
201512,040044,Cliente 30,29308828546,0.3761
201612,040072,Cliente 14,34687960400,0.1673
201612,040014,Cliente 180,1.34855E+11,0.4894
201512,040012,Cliente 5,27632470123,0.0856
201512,040036,Cliente 30,1.01523E+11,0.6704
201612,040012,Cliente 130,1.78123E+11,0.4566
201512,040036,Cliente 10,57566676047,0.3801
201612,040021,Cliente 5,14075450600,0.1008
201612,040021,Cliente 1,3605334866,0.0258
201612,040072,Cliente 90,1.01642E+11,0.4902
201512,040014,Cliente 5,26983807598,0.1072
201612,040012,Cliente 120,1.73273E+11,0.4442
201612,040044,Cliente 160,66691411193,0.6886
201612,040021,Cliente 400,1.22272E+11,0.8753
201512,040072,Cliente 14,36724334620,0.2018
201612,040021,Cliente 150,98892850688,0.7079
201612,040014,Cliente 130,1.2246E+11,0.4445
201612,040072,Cliente 18,41821118797,0.2017
201612,040036,Cliente 14,93696105543,0.5286
201512,040002,Cliente 13,40348902946,0.1904
201612,040044,Cliente 7,18707617310,0.1932
201612,040036,Cliente 170,1.70313E+11,0.9608
201612,040014,Cliente 3,17091834689,0.062
201512,040021,Cliente 18,32163097498,0.2547
201612,040012,Cliente 80,1.48186E+11,0.3799
201612,040072,Cliente 16,38351276765,0.185
201512,040044,Cliente 500,70678946855,0.907
201512,040002,Cliente 11,37661038286,0.1777
201612,040021,Cliente 500,1.25637E+11,0.8993
201612,040044,Cliente 80,52000354194,0.5369
201512,040012,Cliente 70,1.16412E+11,0.3606
201612,040002,Cliente 2,9170142749,0.0376
201612,040036,Cliente 160,1.6969E+11,0.9573
201512,040014,Cliente 4,24305856841,0.0966
201612,040002,Cliente 70,88603634696,0.3634
201612,040072,Cliente 120,1.1132E+11,0.5369
201512,040014,Cliente 110,1.05678E+11,0.4198
201512,040036,Cliente 80,1.31944E+11,0.8713
201612,040002,Cliente 170,1.274E+11,0.5226
201512,040044,Cliente 6,14224559546,0.1825
201512,040014,Cliente 12,41249598629,0.1639
201612,040072,Cliente 170,1.22612E+11,0.5913
201512,040002,Cliente 80,87417139850,0.4125
201612,040014,Cliente 300,1.53698E+11,0.5578
201612,040021,Cliente 50,62866543194,0.45
201512,040072,Cliente 3,12016207550,0.066
201512,040044,Cliente 300,63416986426,0.8138
201512,040012,Cliente 50,99775170305,0.309
201512,040036,Cliente 15,74082192618,0.4892
201612,040002,Cliente 13,34700204436,0.1423
201612,040072,Cliente 3,11055578355,0.0533
201612,040044,Cliente 6,17498481782,0.1807
201512,040072,Cliente 150,1.02863E+11,0.5652
201512,040014,Cliente 80,93862279541,0.3729
201612,040002,Cliente 19,44323917736,0.1818
201612,040072,Cliente 19,43477349466,0.2097
201612,040002,Cliente 120,1.12829E+11,0.4628
201612,040021,Cliente 170,1.02549E+11,0.7341
201512,040021,Cliente 5,14321432512,0.1134
201612,040012,Cliente 20,70658578992,0.1811
201612,040044,Cliente 180,69009973906,0.7126
201612,040021,Cliente 18,34602856498,0.2477
201612,040072,Cliente 6,18588449150,0.0896
201512,040036,Cliente 300,1.484E+11,0.98
201512,040002,Cliente 6,29239090236,0.138
201612,040021,Cliente 6,16141500049,0.1155
201612,040002,Cliente 6,19866273240,0.0815
201512,040012,Cliente 80,1.23109E+11,0.3813
201512,040021,Cliente 120,82207802614,0.6511
201512,040012,Cliente 9,39956427336,0.1238
201612,040036,Cliente 140,1.68199E+11,0.9489
201512,040002,Cliente 16,44014048408,0.2077
201512,040036,Cliente 14,71139076500,0.4698
201612,040044,Cliente 1,4657161668,0.0481
201512,040044,Cliente 1,4659401508,0.0598
201612,040044,Cliente 70,49322068274,0.5093
201512,040044,Cliente 60,38407943699,0.4929
201512,040044,Cliente 15,22035159237,0.2828
201612,040036,Cliente 2,20636294448,0.1164
201612,040072,Cliente 300,1.39497E+11,0.6728
201512,040072,Cliente 9,27411386932,0.1506
201612,040072,Cliente 12,30997246726,0.1495
201612,040002,Cliente 12,32695816658,0.1341
201612,040012,Cliente 1000,2.99679E+11,0.7682
201512,040021,Cliente 6,16167169031,0.1281
201512,040044,Cliente 130,50386921526,0.6466
201512,040036,Cliente 150,1.42435E+11,0.9406
201512,040014,Cliente 160,1.19315E+11,0.474
201612,040002,Cliente 9,26480165731,0.1086
201612,040036,Cliente 30,1.26343E+11,0.7128
201512,040012,Cliente 100,1.34429E+11,0.4164
201512,040036,Cliente 500,1.50139E+11,0.9915
201512,040021,Cliente 180,93542168927,0.7409
201612,040014,Cliente 50,86141655583,0.3126
201512,040012,Cliente 12,47379515463,0.1468
201612,040012,Cliente 13,53840266101,0.138
201512,040012,Cliente 14,51988707415,0.161
201512,040021,Cliente 15,28597723704,0.2265
201512,040044,Cliente 11,19145691933,0.2457
201512,040044,Cliente 140,51555207613,0.6616
201512,040012,Cliente 30,78230852211,0.2423
201512,040021,Cliente 16,29800385579,0.236
201612,040072,Cliente 1,4834586878,0.0233
201512,040002,Cliente 17,45118925957,0.2129
201612,040044,Cliente 18,28027796907,0.2894
201612,040036,Cliente 70,1.55103E+11,0.875
201512,040012,Cliente 300,1.91941E+11,0.5945
201512,040021,Cliente 150,88616693719,0.7019
201612,040036,Cliente 19,1.07438E+11,0.6061
201612,040072,Cliente 140,1.16335E+11,0.5611
201612,040044,Cliente 300,78513356590,0.8107
201612,040014,Cliente 13,46142666952,0.1675
201612,040002,Cliente 20,45767360049,0.1877
201512,040036,Cliente 60,1.24432E+11,0.8217
201512,040072,Cliente 70,81820059430,0.4496
201612,040014,Cliente 5,26388172838,0.0958
201612,040014,Cliente 40,78201176396,0.2838
201512,040002,Cliente 14,41632437544,0.1964
201612,040014,Cliente 1000,1.97371E+11,0.7163
201612,040021,Cliente 11,25142243296,0.18
201512,040044,Cliente 12,19905941610,0.2555
201512,040036,Cliente 100,1.36492E+11,0.9013
201512,040072,Cliente 1,5003011719,0.0275
201612,040044,Cliente 17,27352340719,0.2824
201512,040002,Cliente 5,26802576953,0.1265
201612,040002,Cliente 150,1.22257E+11,0.5015
201512,040012,Cliente 170,1.62192E+11,0.5024
201612,040002,Cliente 18,42879882178,0.1759
201612,040044,Cliente 110,58900183274,0.6082
201612,040012,Cliente 6,30584018993,0.0784
201612,040072,Cliente 110,1.08416E+11,0.5229
201512,040002,Cliente 30,57548560529,0.2715
201512,040036,Cliente 160,1.43151E+11,0.9453
201612,040044,Cliente 14,25251638080,0.2607
201612,040036,Cliente 12,86277143018,0.4867
201612,040036,Cliente 50,1.45422E+11,0.8204
201512,040012,Cliente 130,1.47975E+11,0.4583
201612,040012,Cliente 7,34392413993,0.0882
201612,040012,Cliente 500,2.62917E+11,0.674
201512,040014,Cliente 11,39500113102,0.1569
201512,040014,Cliente 16,47562796186,0.1889
201512,040072,Cliente 40,65093145990,0.3577
201512,040014,Cliente 200,1.26816E+11,0.5038
201612,040036,Cliente 150,1.68992E+11,0.9534
201512,040014,Cliente 190,1.25099E+11,0.497
201512,040072,Cliente 100,91337341331,0.5019
201612,040012,Cliente 3,17570097254,0.045
201612,040012,Cliente 1,6277433631,0.0161
201612,040044,Cliente 15,25960034941,0.2681
201612,040012,Cliente 15,59281414536,0.152
201512,040044,Cliente 18,23818525764,0.3057
201612,040002,Cliente 130,1.16295E+11,0.477
201512,040044,Cliente 9,17347028580,0.2226
201612,040002,Cliente 7,22154536686,0.0909
201512,040021,Cliente 100,76757582340,0.608
201512,040021,Cliente 7,17771425753,0.1408
201512,040044,Cliente 14,21367273758,0.2742
201512,040014,Cliente 500,1.57603E+11,0.6261
201512,040021,Cliente 90,73563590537,0.5827
201512,040014,Cliente 19,51559806316,0.2048
201612,040012,Cliente 17,64074172864,0.1642
201612,040072,Cliente 180,1.24491E+11,0.6004
201512,040044,Cliente 3,9514992948,0.1221
201612,040021,Cliente 10,23606029017,0.169
201512,040072,Cliente 8,25103424737,0.1379
201612,040036,Cliente 100,1.63021E+11,0.9197
201512,040036,Cliente 40,1.11521E+11,0.7364
201612,040036,Cliente 4,38704135949,0.2183
201612,040072,Cliente 1000,1.65287E+11,0.7971
201612,040014,Cliente 18,54119115376,0.1964
201512,040002,Cliente 2,18669261243,0.0881
201512,040072,Cliente 140,1.00876E+11,0.5543
201512,040072,Cliente 18,42497029981,0.2335
201612,040044,Cliente 60,46398004103,0.4791
201512,040002,Cliente 15,42839910996,0.2021
201512,040002,Cliente 10,36260187038,0.1711
201612,040036,Cliente 200,1.7191E+11,0.9698
201512,040044,Cliente 90,44700814910,0.5736
201512,040036,Cliente 12,64866742993,0.4284
201612,040014,Cliente 120,1.19384E+11,0.4333
201512,040021,Cliente 500,1.12979E+11,0.8949
201612,040002,Cliente 15,38147958119,0.1565
201612,040044,Cliente 130,62444807955,0.6448
201512,040036,Cliente 130,1.40704E+11,0.9291
201512,040012,Cliente 16,56252129563,0.1742
201512,040014,Cliente 120,1.08915E+11,0.4327
201612,040002,Cliente 1000,1.89257E+11,0.7763
201512,040044,Cliente 8,16428512330,0.2108
201612,040014,Cliente 30,68838538603,0.2498
201512,040036,Cliente 8,49255787088,0.3253
201512,040014,Cliente 18,50278872375,0.1997
201612,040072,Cliente 7,20891952037,0.1008
201512,040014,Cliente 130,1.1188E+11,0.4444
201512,040021,Cliente 2,6660771673,0.0528
201612,040014,Cliente 9,38099459984,0.1383
201612,040012,Cliente 190,2.02701E+11,0.5196
201512,040044,Cliente 400,67650927136,0.8682
201612,040012,Cliente 60,1.30458E+11,0.3344
201512,040036,Cliente 120,1.39564E+11,0.9216
201512,040072,Cliente 13,35067002480,0.1927
201612,040012,Cliente 40,1.05876E+11,0.2714
201512,040072,Cliente 19,43871001090,0.2411
201612,040002,Cliente 90,99930257112,0.4099
201612,040002,Cliente 110,1.08901E+11,0.4467
201512,040014,Cliente 1000,1.8017E+11,0.7157
201612,040044,Cliente 11,22727921723,0.2347
201612,040012,Cliente 110,1.67836E+11,0.4302
201612,040014,Cliente 80,1.03698E+11,0.3764
201512,040072,Cliente 500,1.31562E+11,0.7229
201512,040021,Cliente 300,1.04814E+11,0.8302
201512,040036,Cliente 1,8634330888,0.057
201512,040014,Cliente 3,19814796510,0.0787
201512,040044,Cliente 180,55606016579,0.7136
201512,040072,Cliente 50,72120921655,0.3963
201512,040072,Cliente 400,1.26946E+11,0.6975
201612,040002,Cliente 5,17403785002,0.0714
201612,040014,Cliente 150,1.28021E+11,0.4646
201612,040036,Cliente 5,47188229906,0.2662
201612,040021,Cliente 60,68871031734,0.493
201512,040044,Cliente 13,20656291660,0.2651
201612,040014,Cliente 60,92701833281,0.3364
201612,040021,Cliente 15,30794418277,0.2204
201612,040036,Cliente 60,1.50899E+11,0.8513
201512,040072,Cliente 17,41114303028,0.2259
201512,040021,Cliente 60,61699593237,0.4887
201612,040036,Cliente 80,1.5847E+11,0.894
201612,040044,Cliente 2,9174479460,0.0947
201612,040014,Cliente 2,12106692000,0.0439
201612,040014,Cliente 15,49556418804,0.1799
201512,040021,Cliente 20,34323847102,0.2719
201612,040044,Cliente 13,24465533134,0.2526
201512,040012,Cliente 110,1.39293E+11,0.4314
201512,040044,Cliente 4,11382429238,0.1461
201512,040014,Cliente 6,29266287423,0.1163
201512,040044,Cliente 80,42811849388,0.5494
201612,040014,Cliente 100,1.12336E+11,0.4077
201612,040014,Cliente 17,52618326626,0.191
201512,040044,Cliente 20,24863962927,0.3191
201612,040012,Cliente 70,1.39975E+11,0.3588
201612,040036,Cliente 16,99528525175,0.5615
201512,040036,Cliente 400,1.49593E+11,0.9878
201612,040072,Cliente 70,92929317816,0.4482
201512,040072,Cliente 1000,1.43447E+11,0.7882
201612,040021,Cliente 200,1.07074E+11,0.7665
201512,040036,Cliente 50,1.19342E+11,0.7881
201612,040021,Cliente 3,9470988788,0.0678
201512,040036,Cliente 11,61366137234,0.4052
201512,040012,Cliente 13,49734852332,0.154
201512,040014,Cliente 50,77003599270,0.3059
201612,040002,Cliente 8,24335412068,0.0998
201512,040012,Cliente 7,34544856874,0.107
201612,040014,Cliente 1,6861797859,0.0249
201612,040021,Cliente 30,47501755643,0.34
201512,040072,Cliente 15,38219241491,0.21
201512,040002,Cliente 8,33206504650,0.1567
201612,040036,Cliente 190,1.71413E+11,0.967
201512,040021,Cliente 190,94933946105,0.7519
201612,040012,Cliente 160,1.91292E+11,0.4904
201512,040012,Cliente 140,1.51838E+11,0.4703
201512,040014,Cliente 14,44720507114,0.1776
201512,040014,Cliente 300,1.40128E+11,0.5567
201612,040036,Cliente 15,96622677368,0.5451
201612,040002,Cliente 80,94647867284,0.3882
201612,040044,Cliente 5,16164456993,0.1669
201612,040044,Cliente 8,19840151328,0.2049
201612,040002,Cliente 60,82213455521,0.3372
201612,040036,Cliente 1,10323752121,0.0582
201612,040072,Cliente 500,1.52153E+11,0.7338
201612,040021,Cliente 160,1.00826E+11,0.7217
201612,040021,Cliente 12,26637365180,0.1907
201512,040072,Cliente 60,77620330347,0.4265
201612,040012,Cliente 10,44714843713,0.1146
201512,040002,Cliente 7,31281166308,0.1476
201512,040002,Cliente 300,1.33002E+11,0.6276
201612,040012,Cliente 140,1.82669E+11,0.4683
201512,040044,Cliente 150,52658648328,0.6758
201612,040012,Cliente 8,37940121651,0.0973
201512,040044,Cliente 70,40696464902,0.5223
201612,040014,Cliente 190,1.36852E+11,0.4967
201512,040014,Cliente 7,31531710073,0.1253
201512,040072,Cliente 300,1.20605E+11,0.6627
201512,040044,Cliente 19,24349972171,0.3125
201612,040012,Cliente 14,56712034673,0.1454
201612,040002,Cliente 11,30648851876,0.1257
201612,040044,Cliente 9,20850676393,0.2153
201612,040014,Cliente 170,1.32739E+11,0.4818
201612,040036,Cliente 10,77082122941,0.4348
201612,040014,Cliente 500,1.72578E+11,0.6263
201512,040002,Cliente 110,98017930383,0.4625
201512,040002,Cliente 9,34759363705,0.164
201612,040014,Cliente 19,55617861262,0.2019
201612,040044,Cliente 19,28686072229,0.2962
201512,040012,Cliente 150,1.55483E+11,0.4816
201612,040021,Cliente 2,6581073134,0.0471
201512,040021,Cliente 8,19367401617,0.1534
201612,040072,Cliente 200,1.27888E+11,0.6168
201512,040036,Cliente 9,53568659941,0.3537
201612,040021,Cliente 8,20089461061,0.1438
201512,040072,Cliente 10,29583001055,0.1625
201512,040012,Cliente 160,1.58902E+11,0.4922
201512,040012,Cliente 11,44966660759,0.1393
201612,040036,Cliente 110,1.64806E+11,0.9297
201612,040044,Cliente 90,54510822143,0.5629
201612,040044,Cliente 10,21795889367,0.2251
201512,040072,Cliente 5,17437090375,0.0958
201512,040002,Cliente 40,65612177970,0.3096
201512,040002,Cliente 170,1.12857E+11,0.5325
201612,040072,Cliente 80,97619727753,0.4708
201512,040012,Cliente 40,89717198688,0.2779
201512,040072,Cliente 7,22613067514,0.1242
201512,040021,Cliente 160,90381174716,0.7159
201612,040021,Cliente 20,36940863075,0.2644
201512,040021,Cliente 170,92020904949,0.7289
201512,040021,Cliente 110,79625708776,0.6307
201612,040014,Cliente 11,42229421178,0.1533
201612,040021,Cliente 70,74095055528,0.5304
201512,040014,Cliente 30,62537328087,0.2484
201512,040021,Cliente 1000,1.19143E+11,0.9437
201512,040021,Cliente 17,30983447211,0.2454
201612,040012,Cliente 18,66274492566,0.1699
201512,040014,Cliente 1,8732712698,0.0347
201512,040002,Cliente 1,15526144934,0.0733
201612,040072,Cliente 60,87582983507,0.4224
201512,040012,Cliente 60,1.08713E+11,0.3367
201612,040014,Cliente 7,33014248101,0.1198
201612,040012,Cliente 19,68474340467,0.1755
201612,040036,Cliente 11,81773967535,0.4613
201612,040002,Cliente 30,57267620909,0.2349
201512,040044,Cliente 190,56445385055,0.7244
201612,040021,Cliente 100,86058093265,0.616
201612,040012,Cliente 100,1.61753E+11,0.4146
201512,040072,Cliente 2,8737353389,0.048
201612,040012,Cliente 2,12304928631,0.0315
201512,040012,Cliente 90,1.29123E+11,0.3999
201612,040014,Cliente 12,44241372498,0.1606
201612,040002,Cliente 14,36474786214,0.1496
201612,040002,Cliente 160,1.24912E+11,0.5124
201512,040072,Cliente 20,45095753130,0.2478
201612,040021,Cliente 13,28057187272,0.2008
201612,040002,Cliente 400,1.61016E+11,0.6605
201512,040014,Cliente 400,1.49912E+11,0.5955
201612,040021,Cliente 190,1.05644E+11,0.7562
201612,040072,Cliente 13,32852226332,0.1584
201512,040012,Cliente 180,1.6531E+11,0.512
201612,040021,Cliente 180,1.04131E+11,0.7454
201612,040021,Cliente 4,11982376982,0.0858
201512,040014,Cliente 40,70202508973,0.2789
201512,040036,Cliente 140,1.41628E+11,0.9352
201612,040072,Cliente 15,36520219902,0.1761
201612,040036,Cliente 180,1.70883E+11,0.964
201612,040012,Cliente 200,2.06083E+11,0.5283
201612,040021,Cliente 90,82554006762,0.5909
201512,040012,Cliente 4,23320295123,0.0722
201512,040012,Cliente 120,1.43846E+11,0.4455
201612,040014,Cliente 90,1.08274E+11,0.393
201612,040014,Cliente 70,98595750413,0.3578
201612,040036,Cliente 90,1.60946E+11,0.908
201512,040072,Cliente 160,1.04726E+11,0.5754
201612,040002,Cliente 100,1.04605E+11,0.4291
201612,040002,Cliente 3,12278116124,0.0504
201512,040072,Cliente 11,31627445501,0.1738
201512,040002,Cliente 120,1.00955E+11,0.4764
201612,040036,Cliente 18,1.04952E+11,0.5921
201512,040036,Cliente 18,81180235541,0.5361
201612,040014,Cliente 160,1.30494E+11,0.4736
201512,040012,Cliente 10,42462454662,0.1315
201612,040014,Cliente 4,21876410077,0.0794
201512,040021,Cliente 9,20797574508,0.1647
201612,040044,Cliente 150,65356956564,0.6748
201612,040002,Cliente 50,74905417294,0.3073
201612,040036,Cliente 20,1.09671E+11,0.6187
201612,040036,Cliente 40,1.37284E+11,0.7745
201612,040014,Cliente 10,40196286867,0.1459
201512,040072,Cliente 16,39711261491,0.2182
201612,040072,Cliente 50,81056477372,0.3909
201612,040036,Cliente 120,1.66225E+11,0.9377
201512,040044,Cliente 200,57234197516,0.7345
201512,040002,Cliente 150,1.08543E+11,0.5122
201612,040072,Cliente 11,29123637777,0.1405
201512,040036,Cliente 5,35498620711,0.2344
201612,040002,Cliente 16,39800824470,0.1633
201512,040012,Cliente 8,37366046253,0.1157
201612,040002,Cliente 190,1.31972E+11,0.5413
201512,040002,Cliente 500,1.49215E+11,0.7041
201512,040002,Cliente 50,72411467232,0.3417
201612,040002,Cliente 10,28583424669,0.1172
201512,040072,Cliente 90,88502165218,0.4863
201612,040044,Cliente 40,39393500269,0.4068
201512,040036,Cliente 1000,1.50734E+11,0.9954
201612,040036,Cliente 1000,1.7652E+11,0.9958
201612,040072,Cliente 400,1.46931E+11,0.7086
201612,040072,Cliente 17,40102786824,0.1934
201512,040072,Cliente 190,1.09527E+11,0.6018
201512,040072,Cliente 4,14752877318,0.0811
201512,040021,Cliente 80,70111996431,0.5553
201612,040072,Cliente 5,16218270995,0.0782
201512,040021,Cliente 14,27382392475,0.2169
201512,040021,Cliente 4,11821104213,0.0936
201512,040002,Cliente 180,1.14846E+11,0.5419
201512,040012,Cliente 190,1.6828E+11,0.5212
201612,040036,Cliente 3,29934356144,0.1689
201512,040021,Cliente 1,3825440637,0.0303
201612,040072,Cliente 30,59904315759,0.2889
201512,040036,Cliente 6,40269765079,0.2659
201512,040072,Cliente 30,56236921489,0.309
201612,040021,Cliente 19,35794215031,0.2562
201612,040044,Cliente 200,71086150261,0.734
201612,040044,Cliente 120,60768023045,0.6275
201612,040044,Cliente 100,56836180583,0.5869
201512,040072,Cliente 170,1.06454E+11,0.5849
201512,040002,Cliente 100,94849876339,0.4476
201512,040012,Cliente 2,13463363832,0.0417
201512,040002,Cliente 70,83058543605,0.3919
201612,040012,Cliente 4,22489221257,0.0576
201612,040021,Cliente 14,29440127261,0.2107
201512,040002,Cliente 12,39043102110,0.1842
201512,040002,Cliente 4,24215003701,0.1143
