cve_periodo,cve_institucion,cve_tipo_moneda,cve_TEC,tasa,MDMC,plazo
201506,040072,0,3,7.0706,1229430308,10.6845
201504,040014,1,5,3.2373,83537056,31.2772
201505,040036,0,5,6.4241,178896113,157.527
201611,040072,1,4,3.7832,7927886252,58.1095
201505,040036,1,4,4.0266,992019181,42.185
201506,040072,1,2,3.8088,148116965,15.8288
201610,040014,0,5,8.0194,100228770,155
201610,040014,1,4,3.8885,6276597231,18.3311
201611,040072,0,5,7.84,38417804,3
201503,040012,0,1,8.9101,3075474606,24.7222
201605,040072,1,3,3.773,131112827,2.919
201608,040072,0,3,8.3939,1113900124,12.0968
201605,040072,0,4,6.5387,7789829103,45.5552
201608,040072,1,2,4.2044,99679520,3.6599
201512,040014,0,5,6.5285,23532801,143.5329
201512,040014,1,4,2.8014,12232696840,33.5969
201609,040036,0,3,9.3002,109037750,24.3998
201609,040036,1,2,5.272,3339632,14
201608,040072,1,5,4.03,47341361,2
201606,040044,0,1,6.9387,278735186,33.8941
201506,040014,1,4,2.7475,8295442638,21.4414
201506,040014,0,5,6.5681,56870720,5.29
201508,5,0,3,6.9808,9768821691,13.8257
201609,5,0,3,8.3232,10219561159,14.8414
201508,5,2,1,10,14,11.7143
201609,5,1,2,4.7609,1033638716,10.2762
201510,5,1,5,3.102,51887620,14.1936
201612,5,0,1,11.2759,13391194641,26.248
201609,5,2,1,9.33,68932,63
201508,5,1,2,4.1779,1509059383,10.0167
201512,040044,0,2,6.0461,538256568,43.4121
201512,040044,1,1,4.0123,41385326,54.6062
201512,040036,1,5,5.0164,308666198,133.6649
201608,040002,0,2,10.2553,4069828687,24.9276
201606,040012,1,3,4.3882,353042058,7.3936
201608,040002,1,1,4.9728,37393491,6.6302
201606,040014,0,2,9.2523,3079095393,29.052
201606,040012,0,4,6.1058,25928606129,11.6762
201606,040014,1,1,5.4563,245323933,6.0055
201503,040036,0,3,7.8286,100928123,30.5039
201503,040036,1,2,3.3213,20337881,3.1833
201607,040072,0,1,11.6443,1267197613,27.4522
201603,040002,2,4,,75730,7
201608,040002,0,5,0,0,0
201508,040012,0,2,7.8097,2102338515,15.2657
201506,040044,1,1,4.5917,26617426,61.9884
201508,040012,1,1,3.79,193141808,5.1815
201510,040014,0,5,6.3084,87681001,32.2197
201608,040002,1,4,1.8359,11378277587,23.7068
201508,040021,0,4,5.1181,10592973058,23.9262
201510,040014,1,4,2.6373,8369931104,27.7789
201508,040021,1,3,4.2758,127405953,23.7655
201506,040044,0,2,6.6178,694029880,36.45
201505,040072,0,5,6.01,80000000,1
201606,040021,1,4,3.2818,5427912760,23.985
201505,040072,1,4,3.2651,1149611279,7.8154
201509,5,1,4,2.413,54059037171,19.0056
201607,5,1,2,4.667,1169232141,15.7955
201610,5,2,4,,283320,0
201610,5,1,5,2.6419,1599324103,54.7617
201607,5,2,1,10,6937,1
201504,5,2,2,10,334,16
201504,5,0,4,5.2447,1.10814E+11,29.1465
201607,5,0,3,8.0635,9809094733,14.6566
201512,5,1,2,4.6079,1634732218,18.6059
201509,5,0,5,6.3315,375038323,90.4731
201504,5,1,3,3.8597,1190266791,8.7425
201512,5,0,3,7.0642,10940192069,15.0175
201609,040012,0,3,8.1376,2165142679,6.3873
201508,040014,0,1,9.4574,3413571569,28.7222
201512,040021,1,2,4.5188,112623914,23.7157
201609,040012,1,2,4.1064,151744744,4.414
201512,040021,0,3,7.1823,648661945,26.7395
201508,040012,0,3,6.694,1939313824,7.3344
201503,040021,1,4,2.7683,5195325872,23.866
201508,040012,1,2,3.4186,197056216,3.78
201609,040012,2,1,9.33,68932,63
201609,040014,0,1,10.9147,4398178861,36.6982
201602,040021,1,4,3.2733,7736826148,23.9943
201602,040021,0,5,6.4921,32132606,24
201605,040021,1,5,3.75,28712929,14
201505,040014,1,5,2.78,98434463,14.1847
201512,040012,0,1,9.0251,3313142440,22.1307
201604,040021,0,4,6.3745,13808054040,24.0076
201504,040044,1,3,3.4625,59504358,16.3388
201604,040021,0,1,14.6416,444314534,58.0425
201504,040044,0,4,5.062,7309192007,64.4733
201502,040002,0,1,9.1461,664350662,24.2153
201511,040044,0,3,6.4139,748826046,55.2363
201604,040021,1,3,4.3377,65500402,24
201511,040044,1,2,2.8908,72045556,
201509,040044,0,1,6.9463,215739128,34.9783
201610,040036,0,1,9.4725,53806688,50.4991
201502,040044,0,1,6.3667,233887496,44.5616
201609,5,1,3,4.387,1351090318,9.5872
201609,5,0,4,6.8047,1.28329E+11,20.6307
201606,5,1,2,4.6219,1430367428,16.0958
201605,5,0,1,10.4827,14242783275,28.5034
201609,5,2,2,10,137,28.2263
201606,5,0,3,7.672,10440976799,14.5242
201503,040044,0,5,6.3099,45209662,11
201503,040044,1,4,2.5329,1598848307,57.476
201510,040021,0,3,6.6716,763596370,24.6081
201503,040036,1,5,4.9805,148446957,141.7028
201501,040002,0,4,4.9044,4982727908,14.1823
201510,040021,1,2,4.1801,134316546,24
201601,040014,1,5,3.6331,75296207,43.4673
201501,040002,1,3,3.3427,70295110,9.7457
201501,040002,2,2,9.9652,870093,29.2633
201607,040021,0,4,7.2283,11773721241,24.0658
201612,040044,1,5,4.1,207800,
201607,040021,1,3,4.2573,82173005,24
201609,040014,1,3,4.9595,289820234,7.2643
201606,040072,1,4,3.5942,4331363531,17.6038
201603,040014,0,5,6.7436,20332823,150
201511,040002,1,4,1.0923,6366381732,6.9478
201611,040072,0,1,12.7724,992030658,29.0366
201609,040014,0,4,6.3608,27822357584,12.4632
201603,040014,1,4,3.3743,9085541713,66.5159
201606,040072,0,5,6.6,63348296,2
201503,040012,1,2,4.1919,183499637,5.5279
201511,040036,1,3,2.2,3546000,6
201511,040036,0,4,5.5323,6090252824,43.2419
201511,040036,0,1,8.6602,90797168,61.2416
201503,040014,0,1,9.8206,3813560083,32.8947
201503,040012,0,3,6.6958,2166005060,6.1598
201611,040002,1,4,2.3023,11978010916,34.3626
201510,040044,0,3,6.5871,586527269,53.571
201510,040044,1,2,3.7461,35074909,58
201608,040014,1,5,2.75,20439381,30
201612,040014,1,5,3.3774,252707513,33.1069
201510,040002,1,3,3.7092,107410372,9.694
201603,040072,1,2,4.1329,117621237,26.9457
201510,040002,2,2,10,257,10
201505,040002,0,1,10.6651,599188087,25.8691
201603,040072,0,3,7.6517,1165509978,9.7669
201510,040002,0,4,5.0247,11226640532,28.4783
201512,040002,1,4,2.0091,12298980649,35.5455
201601,040002,1,4,1.7488,6132157494,19.3813
201510,040036,1,2,3,22784299,56
201510,040036,0,3,7.63,106787091,25.0759
201602,040002,1,4,2.5681,5901690738,37.559
201603,040012,0,1,10.5895,4633831027,25.4923
201501,040012,0,1,8.8583,2598659739,22.6906
201601,040021,0,3,6.9967,714701527,24.684
201607,040002,1,5,2.9607,21711627,45.4748
201607,040002,2,4,,50575,3
201604,040036,0,4,6.0008,4393524071,11.8339
201604,040036,1,3,4.1495,39648977,7.0324
201601,040021,1,2,4.3868,160668487,23.585
201604,040012,0,1,10.1983,3488147572,24.9515
201501,040002,1,5,1.5252,5633072,27.1886
201507,040036,1,5,4.15,8163867,23
201608,040014,0,2,9.8022,2896216168,33.2796
201608,040012,0,4,6.9638,23704087996,13.5883
201608,040014,1,1,6.1695,136876613,3.8928
201608,040012,1,3,3.9866,242848339,3.2689
201501,040021,0,3,6.9715,546095609,25.2161
201501,040021,1,2,4.1274,212062645,24
201509,040014,1,4,2.1512,9373267648,23.8368
201607,040012,0,1,10.6133,3924699980,29.9463
201504,040014,1,2,5.1575,323457711,6.5915
201504,040012,1,4,1.6453,10291864304,13.0893
201504,040012,0,5,5.83,29978450,104
201504,040014,0,3,7.1946,1203451751,13.9833
201509,040014,0,5,6.2946,38692406,35
201612,040044,1,2,4.6497,30503204,22.5367
201508,040002,2,1,10,14,11.7143
201509,040012,0,1,9.221,3494209511,24.4184
201508,040002,1,2,3.7405,97963745,18.0071
201508,040002,0,3,6.2037,796825669,17.7955
201602,040072,0,3,8.0676,983963836,11.3226
201602,040072,1,2,3.5713,168022130,17.9109
201612,040044,0,3,8.927,720309864,32.2389
201611,5,0,1,11.2785,11622577584,27.3903
201511,040012,1,2,4.4656,220097716,13.347
201503,040021,1,2,4.1328,146409720,23.9429
201605,040012,1,4,2.296,10896170858,22.6942
201605,040014,0,3,7.7517,1303421578,31.0279
201511,040014,0,1,9.7543,2777420833,31.7483
201503,040021,0,3,7.4297,774494118,24.154
201605,040014,1,2,5.104,502963619,9.1212
201511,040012,0,3,6.6523,2105333177,8.0608
201603,040012,1,3,4.2796,383219655,4.7805
201603,040014,0,2,9.0629,2477671896,28.8181
201509,040002,1,1,4.0452,26694160,11.1901
201509,040002,0,2,10.4539,2822261295,23.7651
201512,040072,0,3,7.2047,1249203118,9.3564
201603,040014,1,1,5.8833,190143757,4.371
201603,040012,0,4,5.7992,27671855423,11.3469
201512,040072,1,2,3.9213,173686490,5.1471
201503,040002,1,1,4.5808,13279026,2.9873
201607,040012,0,4,6.5495,23719761063,14.2143
201608,040014,0,5,6.8672,47269288,2
201611,040036,0,2,10.3994,95457929,34.6066
201503,040002,0,2,9.5092,2424380987,22.7307
201607,040012,1,3,4.1474,319574861,4.5134
201607,040014,1,1,5.7547,269867459,5.0725
201510,040002,0,2,9.9591,2751342927,24.5135
201510,040002,1,1,2.8326,43128533,10.1183
201607,040014,0,2,9.4836,2212276899,30.2702
201608,040014,1,4,3.9528,4139502397,16.8791
201511,040002,0,1,10.4385,778387273,29.1879
201604,040044,0,3,7.1965,562814128,59.1795
201604,040044,1,2,4.3837,15472048,55
201511,040002,1,3,3.4067,119563371,18.3477
201511,040002,0,4,4.8995,8582726072,22.4482
201602,040014,0,5,7.06,19849562,31
201511,040002,2,2,10,183,49
201501,040021,0,2,12.2258,766926920,35.4176
201608,040002,0,4,5.9602,25612286059,20.5836
201501,040012,1,2,4.649,111720432,12.3397
201507,040012,1,2,4.1865,218920098,12.8278
201506,040021,2,4,,134314806,1
201601,040036,0,1,9.4217,26900449,57.806
201510,040072,1,3,3.1875,59150226,9.4777
201507,040012,0,3,6.7308,2120554535,9.9255
201608,040002,0,1,10.6711,1496002004,24.7717
201510,040072,0,4,5.8801,7100932573,30.338
201507,040014,0,1,8.9384,2384679437,26.2599
201610,040072,0,1,12.3318,1285194165,28.0728
201508,040044,1,2,3.5322,42144661,43.4239
201602,040002,2,4,,179105,8
201608,040036,0,4,6.3906,4654303555,12.2288
201611,040044,1,5,3.92,41031000,
201508,040044,0,3,6.1329,572183560,45.8807
201612,5,0,3,9.3616,10576444105,14.2911
201607,5,1,3,4.4085,972641278,9.5764
201603,5,1,5,4.43,15939500,3
201612,5,1,2,5.0766,1784525461,19.9377
201508,5,2,2,10,59,52
201607,5,0,1,10.4531,12651310863,28.6657
201607,5,0,4,6.6507,1.24674E+11,19.5709
201508,5,1,3,3.9848,1209464641,7.2649
201602,5,1,4,2.9558,47973469441,29.1446
201607,5,2,2,10,249317,8.1713
201603,5,2,4,,75730,7
201602,5,0,5,7.3057,1288984412,99.7876
201508,5,0,4,5.6662,84800949732,22.328
201603,040036,0,1,10.0888,51078978,274.6099
201608,040044,0,4,6.4361,8875026082,65.1493
201601,040002,0,3,6.1622,662573133,16.3348
201601,040002,1,2,3.3907,122315043,14.1925
201502,040072,0,2,9.4005,1845326272,13.9455
201608,040044,1,3,4.1375,45789065,23
201607,040072,0,3,8.4297,1118785200,12.4474
201601,040002,2,1,10,22,9
201502,040072,1,1,5.3457,3768735,5.1429
201607,040072,1,2,4.3383,118638459,3.4706
201608,040002,1,5,1.32,878488,6
201507,040014,0,3,6.8347,1317397736,16.8103
201507,040014,1,2,5.0793,307664779,5.8678
201507,040012,1,4,2.1253,16723241617,17.0632
201508,040014,1,1,5.2366,300612567,4.9437
201607,040014,1,4,3.166,7415595358,17.1808
201607,040014,0,5,7.59,19340100,1
201508,040012,0,4,5.5509,15143820381,12.0686
201508,040014,0,2,8.862,2711128612,26.2116
201605,040021,1,3,4.1616,91022421,23.3556
201605,040021,0,4,6.3066,15330531327,24.0557
201508,040012,1,3,4.0276,274837823,3.1621
201607,040072,1,5,3.98,46771413,3
201510,040012,0,3,6.841,2183985400,7.8983
201509,040036,0,4,5.4251,4015378812,13.7388
201510,040012,1,2,4.3993,160503501,12.8677
201509,040036,1,3,6.5003,12848878,10.534
201508,040044,0,2,6.4016,520327299,13.7911
201510,040021,0,5,7.819,19589747,24
201508,040012,0,1,9.5564,3353951908,26.7132
201510,040014,0,1,9.4026,3279329165,27.1445
201510,040021,1,4,3.454,8555311363,24
201508,040044,1,1,4.4593,32259966,59.325
201512,040044,0,1,7.0272,156372727,44.402
201506,040044,0,1,5.9122,214899019,0
201612,040014,1,4,3.2143,7447686601,19.0688
201612,040014,0,5,9.1,9716426,153
201609,040002,0,1,10.3545,988686262,24.978
201511,040044,1,1,4.1459,33003196,57.9954
201511,040044,0,2,6.4703,496136502,35.5504
201601,040002,1,5,2.9236,64347025,51.8582
201605,040036,0,5,6.8072,12212707,207.2437
201605,040036,1,4,6.0471,807481268,31.4099
201601,040002,2,4,,207797,9
201509,5,1,2,4.4982,1231300895,20.0584
201509,5,2,1,10,22,11
201504,5,1,5,3.4024,184384872,46.0977
201603,5,0,1,10.3394,13627079090,27.3587
201509,5,0,3,6.8791,10075258149,13.6036
201504,5,2,4,,134079,18
201602,040072,0,5,6.25,6000000,3
201602,040072,1,4,3.364,5992065777,21.0142
201502,040014,1,3,4.3614,285094433,5.0852
201502,040014,0,4,5.1466,16550379424,10.815
201501,040044,0,4,5.0504,3942666350,38.0858
201511,040012,0,4,5.3177,22580406663,17.5915
201501,040044,1,3,3.9096,16997177,45.3559
201502,040002,0,4,4.8379,5686211686,11.8445
201511,040014,1,1,5.7301,144758173,4.9989
201511,040014,0,2,8.772,2477199401,28.881
201511,040012,1,3,3.318,259462443,3.6232
201502,040002,1,3,3.0172,127188242,7.2253
201502,040002,2,2,9.9654,820663,28.2365
201611,040036,0,4,7.478,7676740857,19.4977
201608,040012,1,4,2.5242,9911055768,16.669
201611,040036,1,3,4.81,10257750,5
201608,040014,1,2,5.7974,304675524,6.4505
201611,040021,1,5,3.88,40783019,8
201608,040014,0,3,8.1129,1172670424,20.0938
201611,040036,0,1,9.1586,87725706,50.6677
201510,040072,1,4,2.8974,1947758482,12.9263
201510,040072,0,5,5.9809,21849508,3.4191
201607,040036,1,4,7.7684,5031727670,69.2984
201610,040072,1,4,3.3439,2203607867,24.0884
201607,040036,0,5,8.4383,178041741,181.4558
201607,040036,0,2,9.7387,110311216,37.2709
201506,040014,0,3,7.0572,1448323085,10.6453
201505,040036,0,3,8.1163,85838916,34.0196
201506,040014,1,2,5.0909,389558151,5.815
201506,040012,0,5,6.3,7274052,19
201606,040044,0,3,7.3205,727027682,40.0082
201505,040036,1,2,3.0139,21025226,3.6337
201506,040012,1,4,2.122,13768268929,23.6132
201606,040044,1,2,4.2608,53343776,29
201508,040036,0,5,6.4969,150594343,195.1267
201610,040002,1,3,5.1511,113499338,11.1818
201610,040002,0,4,6.513,16625612476,33.5438
201609,040021,1,4,3.3314,7533068265,23.2229
201605,040002,0,1,10.2475,896922879,30.2098
201612,040012,0,2,9.8439,2604291037,13.8386
201605,040014,0,2,9.8257,2360595363,30.007
201607,040012,0,2,8.7617,2406869092,13.0028
201605,040014,1,1,6.038,272822885,5.6597
201607,040012,1,1,4.5009,183365321,5.8374
201605,040012,1,3,3.9029,349162530,7.7369
201612,040012,1,1,5.1171,205895990,5.1361
201605,040012,0,4,5.9424,25094511098,10.6446
201501,5,1,4,2.4739,37751145643,12.5995
201511,5,0,1,9.3654,12352844743,25.847
201501,5,0,5,5.6269,1518362376,77.7242
201509,040021,0,1,14.4333,500162565,56.4575
201609,040072,1,4,3.9327,6438851371,29.0281
201608,040002,0,3,7.139,1600042817,14.3093
201609,040072,0,5,7.11,2000000,3
201603,040036,1,1,6.793,5326775,277
201603,040036,0,2,8.4467,252460814,277.1366
201505,040044,0,2,6.4658,497627169,36.7756
201608,040002,1,2,3.9907,142594946,32.2488
201505,040044,1,1,3.6926,11586197,51.6116
201608,040002,2,1,0,0,0
201502,040072,0,1,9.7654,677428753,16.433
201606,040014,0,3,7.6612,1483662915,18.5832
201504,040072,0,3,6.9197,1197457158,10.0808
201606,040014,1,2,5.1302,478228168,20.1838
201603,040044,0,1,7.4261,230525020,
201506,040002,1,3,3.1197,109854285,16.2601
201504,040072,1,2,3.7898,159676512,8.4222
201606,040012,1,4,2.4363,14724658361,26.2401
201506,040002,0,4,4.873,10843242013,25.3239
201506,040002,0,1,10.0147,712791245,27.9116
201611,040021,0,3,8.9607,708275873,25.4912
201611,040021,1,2,5.0047,109111484,21.9792
201606,040036,0,1,8.2011,136833296,53.102
201506,040021,0,1,15.0506,441975720,44.6319
201512,040072,0,5,5.83,54965450,3
201507,040002,0,1,10.5457,732848353,26.2491
201512,040072,1,4,3.8364,5334218464,45.3668
201507,040036,0,5,6.5032,109121281,195.7986
201507,040036,1,4,4.5492,2674457780,29.4708
201508,040036,0,2,7.747,112878815,37.0536
201507,040012,0,2,7.7024,2502482292,15.3713
201508,040036,1,1,3.9481,2033145,6.7908
201507,040012,1,1,3.5493,230182292,22.3014
201505,040044,1,4,2.5952,1110025374,54.8696
201601,040036,0,2,7.4319,127929571,29.6527
201509,040021,0,4,5.6382,9105938460,24.0536
201612,040002,1,5,3.49,5413381,48
201509,040021,1,3,3.6652,112874968,24
201601,040036,1,1,4.7083,340128,13
201602,040036,0,1,10.6628,22668145,38.0288
201612,040002,2,4,,254731,
201605,5,1,1,5.0358,592133139,9.8568
201602,5,0,1,10.9601,12194684055,30.0604
201505,5,1,5,8.3857,1576457415,67.8406
201605,5,0,2,9.3619,19503997188,21.6444
201607,5,0,2,9.5948,18286381221,21.7935
201601,5,0,1,9.8048,11340731074,27.4919
201512,5,0,4,5.6165,1.26895E+11,28.161
201512,5,2,2,10,275,45
201512,5,1,3,4.131,1568685270,7.9854
201607,5,1,1,4.6703,721626986,7.406
201603,040012,0,3,7.4705,2022603336,6.3797
201603,040014,0,1,10.4687,2565183347,31.3454
201603,040012,1,2,4.4678,157194437,5.4579
201506,040072,1,4,3.4388,3714467088,6.2719
201506,040072,0,5,5.9148,129626000,2.4868
201507,040072,0,2,9.5235,2600017896,18.8424
201507,040072,1,1,4.405,12058602,4.6525
201510,040021,0,1,13.7642,582231185,50.0823
201611,040002,0,3,8.0988,1107534982,16.9526
201611,040002,1,2,4.258,193413311,16.7908
201509,040072,1,1,4.8327,3465587,26.9512
201611,040072,1,5,4.5133,20621349,15.6889
201608,040036,0,1,8.9556,73072702,90.852
201509,040072,0,2,9.5556,2473707940,18.6435
201506,040036,0,1,12.4286,70478905,45.8616
201601,040002,0,1,9.5553,582879740,27.3268
201503,040044,0,1,6.7499,117828655,25.2353
201607,040002,0,1,10.1948,788919891,28.0229
201507,040072,0,5,6.01,60000000,1
201501,040072,0,5,5.4741,1270072000,72.1349
201507,040072,1,4,3.5792,4861438416,29.9205
201601,040014,0,4,5.0969,25138094301,22.4546
201501,040072,1,4,3.7605,2818867332,1.7851
201601,040014,1,3,4.8848,347421315,7.6974
201602,040012,1,4,2.5058,15635795611,29.937
201602,040014,1,2,5.0976,250984771,6.6659
201502,040036,0,4,4.8222,3105609227,11.2222
201602,040014,0,3,7.6088,1176974853,16.6902
201512,040021,0,1,12.8045,580212824,47.8399
201502,040036,1,3,7.2306,13908429,7
201605,040002,0,2,10.3863,2358659326,27.4454
201605,040002,1,1,3.3158,22685450,11.9983
201610,040021,0,1,13.6831,668069114,66.4485
201609,040044,1,3,4.0746,35826974,18.4991
201609,040044,0,4,6.5077,6660318191,40.8029
201504,040012,0,3,6.7543,2043244332,6.3231
201504,040014,0,1,9.9914,2787790392,32.7531
201602,040014,1,5,3.518,55820761,13.137
201504,040044,1,4,2.9986,646916289,47.4766
201504,040044,0,5,6.3,32445604,10
201504,040012,1,2,3.6387,194586834,15.602
201506,5,1,3,3.7952,1428039674,7.3242
201608,5,0,1,10.5234,13738551451,26.5733
201608,5,1,3,4.523,1044581889,8.4055
201608,5,2,2,10,182731,8.6778
201506,5,0,4,5.6988,94710223361,23.0471
201612,5,2,4,,254731,
201612,5,1,5,5.3414,517660311,19.7216
201501,5,0,1,9.3063,10236415084,24.8786
201608,5,0,4,6.6455,1.3888E+11,19.2947
201605,040021,1,1,4.5989,21959201,23.3282
201605,040021,0,2,11.3781,851130409,47.1535
201603,040021,0,3,7.5386,703018647,25.726
201603,040021,1,2,4.7245,60516110,24
201602,040014,1,4,3.3691,5920119879,30.0467
201607,040044,0,3,7.2444,639397704,53.0318
201607,040044,1,2,4.7822,37775661,42.2056
201504,040021,1,3,4.0916,184281265,24
201504,040021,0,4,5.4159,9442083542,24.0094
201509,040021,0,3,7.2546,694597093,25.6933
201509,040021,1,2,4.8964,73403277,24
201609,040044,1,4,2.3339,2853698798,51.351
201504,040012,0,2,7.4746,2164083010,11.5345
201504,040012,1,1,3.4968,132451254,7.1643
201510,040021,0,2,10.8382,1055534864,45.1143
201604,040021,0,3,7.9347,702316937,26.4116
201610,040072,0,3,8.8571,1074753920,13.631
201510,040021,1,1,5.4712,9973612,24
201604,040021,1,2,4.3356,158080566,24
201610,040072,1,2,3.9338,79661480,10.4246
201502,040012,0,4,5.1489,17778289096,8.2442
201511,040014,1,3,4.2317,250203613,4.6016
201502,040021,1,1,5.1651,39060460,24
201502,040014,1,1,4.4863,317160450,7.9337
201502,040012,1,3,3.052,325025501,4.5552
201510,040044,0,2,6.5365,537621265,54.893
201502,040014,0,2,8.4911,2201912049,22.1638
201510,040044,1,1,5.4,69345526,59
201502,040021,0,2,11.5635,808375557,35.8947
201511,040014,0,4,5.0013,24000809915,14.0865
201603,040036,0,4,6.3211,5754748706,276.2268
201603,040036,1,3,2.28,746968,277
201606,5,1,1,4.7065,777342758,6.8586
201611,5,0,4,7.488,1.39832E+11,23.3882
201606,5,0,2,9.3187,20596531236,22.9819
201611,5,1,3,4.3751,1116959809,12.4093
201611,5,2,2,10,531,34.9492
201601,040014,1,4,3.3892,6810819395,27.0562
201507,040044,0,2,6.3601,666474830,45.9939
201505,040012,0,2,7.1954,2632561919,11.2883
201507,040044,0,5,6.3,23596063,7
201505,040012,1,1,4.0643,145873988,12.4229
201507,040044,1,1,4.0779,22633773,56.4625
201507,040044,1,4,2.3952,983018915,49.7338
201601,040014,0,5,6.4296,45120726,43.9881
201605,040014,1,5,3.4961,101478642,41.9382
201512,040072,1,5,4.19,14280907,33
201502,040012,0,1,8.794,2525828975,22.926
201606,040036,0,2,8.5524,214022908,32.4345
201601,040012,1,3,3.2985,329286115,3.1101
201503,040014,1,1,5.0453,197360210,6.2513
201505,040012,0,5,5.9346,424218625,88.4404
201503,040014,0,5,6.3749,43223527,29.4016
201503,040014,1,4,2.4397,7133995396,8.5048
201601,040014,1,1,5.2351,206728533,5.4457
201505,040014,1,2,4.7714,373513901,7.8061
201503,040012,0,4,4.8723,29158190754,16.0012
201601,040012,0,4,5.1735,25956881808,20.6978
201505,040012,1,4,1.924,12073816814,20.3836
201503,040012,1,3,4.1007,421940520,5.2978
201505,040014,0,3,6.9307,1422983007,11.0398
201601,040014,0,2,8.8467,1786535714,24.7348
201503,040014,0,2,9.0821,2821679207,30.3199
201612,040072,0,5,8.34,4000000,3
201612,040072,1,4,3.9991,5801876346,13.9736
201511,040072,1,1,4.971,7327053,3.9575
201507,040036,0,3,7.4787,152928931,23.0963
201610,040012,0,4,7.2804,25880881834,13.4653
201601,040012,0,1,9.9074,3863015309,27.4796
201602,040002,0,2,10.1241,2210452366,27.193
201610,040014,0,2,10.3995,2473349103,36.096
201507,040036,1,2,3.2969,24931708,61.0145
201610,040012,1,3,4.2808,218376089,2.7571
201510,040002,1,4,1.0182,12708378515,11.0074
201511,040072,0,2,9.2479,2604824222,19.7078
201602,040002,1,1,4.5815,34655934,20.0246
201610,040014,1,1,5.6096,244014950,7.516
201510,040044,0,5,6.3,2416276,
201510,040044,1,4,2.3827,1090142671,51.8156
201605,040072,0,1,11.6005,1280685312,27.5037
201508,040072,0,1,10.3456,948316048,20.3448
201609,5,1,5,6.7817,345702776,17.3237
201606,5,1,4,3.0543,52673117919,26.6734
201606,5,0,5,7.3826,343619243,88.0575
201609,5,2,4,,139375,1
201510,040014,1,3,4.3074,270910685,4.3558
201610,040044,0,1,8.7339,203724523,46.8187
201510,040014,0,4,5.2243,18130895807,9.0276
201603,040002,0,2,10.5343,2321130077,27.7982
201503,040036,0,4,5.2695,4989886989,10.6419
201503,040036,1,3,3.9141,784744,2.5771
201612,040002,0,3,8.4237,821997169,18.3143
201612,040002,1,2,4.2194,243583193,24.4432
201506,040036,0,2,8.6276,218664143,37.5264
201505,040044,1,3,2.2899,34927482,28.2407
201609,040072,1,3,3.7426,104165806,13.3021
201505,040044,0,4,5.7139,5548901887,67.4489
201508,040036,0,3,7.805,106812449,26.8891
201609,040072,0,4,7.0109,10390919933,35.7581
201507,040072,0,4,6.0321,6231066088,21.4998
201508,040036,1,2,5.5564,6041989,92.0285
201507,040072,1,3,2.9485,132492918,3.0499
201502,040002,0,3,6.4182,808022722,9.9103
201501,040036,0,1,10.1239,73116619,56.8871
201610,040036,0,2,9.2203,121157924,41.1469
201512,040036,0,2,7.6171,236364062,32.8598
201502,040002,1,2,3.5806,76966523,5.1975
201609,040072,0,1,11.9845,1271751391,28.853
201512,040036,1,1,4.4306,613799,6.1914
201502,040002,2,1,9.7336,300118,18.5768
201504,040072,0,4,5.6098,13016068850,67.1687
201504,040072,1,3,2.6145,106886213,1.6947
201611,040012,0,4,7.1672,37444269079,11.5515
201611,040014,1,1,6.127,333919099,9.9917
201611,040012,1,3,3.9312,291074647,2.3995
201611,040014,0,2,10.6077,2350196640,29.1974
201511,040044,0,5,5.4961,122351567,60
201502,040072,0,5,5.9842,115584323,1.3953
201511,040044,1,4,2.6715,764158260,55.85
201603,040044,0,4,6.4632,8162142661,75.4944
201508,040036,1,4,4.6193,2741279236,39.8763
201603,040044,1,3,2.3581,45943777,
201504,040002,1,4,2.445,2227962934,18.0195
201503,5,0,1,9.4612,12343548037,25.8616
201610,5,1,3,4.8286,988356661,8.917
201610,5,0,4,7.1361,1.36683E+11,23.6174
201610,5,0,1,10.9999,14149791756,28.9405
201505,5,1,2,4.306,1396003308,14.2178
201508,5,1,4,2.6513,48450786860,23.6169
201505,5,0,3,6.8626,9820176924,13.0397
201508,5,0,5,6.396,777815185,103.6937
201603,5,0,2,9.2782,19014548595,25.5868
201603,5,1,1,5.2101,548758351,9.7863
201601,040012,0,2,7.9451,2250867872,15.0599
201610,040021,0,3,8.7659,642693569,25.2773
201502,040036,1,2,3.0587,27611740,12.8964
201502,040036,0,3,8.7051,72058031,39.5388
201610,040021,1,2,4.4159,93479042,24
201607,040002,0,2,9.9812,2378649501,27.5895
201607,040002,1,1,3.7484,10240069,4.0169
201612,040021,0,3,9.4195,570041390,26.7592
201612,040021,1,2,5.1736,70755270,24
201601,040012,1,1,4.4604,164937237,4.4849
201608,040072,0,1,11.892,1333164247,25.4221
201608,040072,0,4,7.0845,7949615483,30.072
201608,040072,1,3,3.7817,62879291,2.85
201607,040014,1,2,5.3479,268900714,4.7888
201507,040036,0,2,7.8362,253452792,40.0835
201507,040036,1,1,2.9751,7402949,5.418
201607,040014,0,3,8.001,1475621231,20.0005
201607,040012,0,5,7.47,65000000,119
201607,040012,1,4,2.3805,10879666594,20.7519
201512,040021,1,5,3.8527,23031662,18.4188
201510,040002,0,1,9.5001,1111006836,23.1976
201501,040072,0,3,7.196,1263189030,9.6322
201501,040072,1,2,3.8643,193199883,7.48
201604,040036,1,4,4.8342,3908307570,77.6507
201604,040036,0,5,6.0048,7166671145,238.7872
201612,040014,1,2,5.9114,531140037,14.3108
201504,040044,0,1,6.6338,141493307,60
201612,040014,0,3,9.3894,1482138188,21.7508
201612,040012,0,5,8.6871,137885258,28.357
201612,040012,1,4,2.9445,11638113944,13.4691
201605,040002,1,3,3.0737,111775811,12.0009
201601,040014,0,3,7.0685,1341491011,15.6138
201601,040014,1,2,5.8981,287866329,6.1795
201506,040072,0,4,6.0571,7323710662,32.5021
201604,040012,0,2,8.3348,2206892224,11.5693
201604,040012,1,1,4.558,198623224,14.3533
201506,040072,1,3,3.1199,140667329,1.875
201605,040002,0,4,5.6328,10730950504,18.8838
201601,040012,1,4,2.1881,11737096660,25.6344
201507,040044,0,1,6.2642,287162141,61.7965
201502,5,1,2,3.7873,1308668598,8.9809
201506,5,1,2,4.1254,1365920623,13.5374
201506,5,0,3,6.9809,11179125944,14.1855
201501,5,0,2,8.6168,16605396304,19.6976
201502,5,0,3,6.9433,8861056458,10.8638
201606,5,1,3,4.2053,1507765109,9.755
201502,5,2,1,9.7336,300118,18.5768
201511,5,1,3,3.911,1145197107,9.7507
201511,5,2,2,10,183,49
201606,5,0,4,6.2675,1.29468E+11,23.6587
201511,5,0,4,5.5615,1.09074E+11,21.5853
201501,5,1,1,3.6492,631265474,6.014
201506,040002,1,1,4.0748,12399461,3.7598
201506,040002,0,2,9.8588,2211456035,26.5997
201609,040002,1,2,4.1195,157601834,7.6972
201504,040014,0,4,4.7809,26963645453,29.2013
201609,040002,0,3,7.604,1201264357,17.8216
201509,040012,1,2,4.2993,114338989,3.8871
201511,040012,0,2,7.3985,2587484028,12.7323
201504,040014,1,3,4.8393,223061210,6.3037
201509,040014,0,1,9.3262,2895612640,27.22
201511,040012,1,1,3.238,220645745,3.3508
201504,040012,1,5,3.77,37436,11
201511,040072,0,1,10.0393,883353633,21.3878
201509,040012,0,3,6.6935,2162160451,10.1692
201609,040002,2,4,,139375,1
201609,040002,1,5,3.39,22544592,51
201612,040002,1,4,2.9344,7743739680,31.623
201605,040044,0,2,7.1785,626858151,44.1555
201604,040036,0,1,8.9958,95687617,27.8471
201601,040036,0,4,5.2895,8906961678,33.7086
201506,040021,0,3,7.2026,724741032,24.7191
201605,040044,1,1,3.8336,27900256,49.625
201506,040021,1,2,4.7988,88282673,23.996
201601,040036,1,3,4.0641,4034800,26.1858
201607,040072,0,5,6.69,95000000,65
201607,040072,1,4,3.4887,2871277246,13.5889
201506,040002,1,4,2.2465,3821946358,24.4727
201611,040014,1,2,5.5531,433880387,8.6642
201611,040014,0,3,8.9936,1288493419,19.2967
201611,040012,0,5,8.02,58100000,115
201611,040012,1,4,3.236,14753809337,26.9031
201511,040021,0,4,5.6233,11775210579,24.0793
201512,040014,1,5,2.9639,155895333,29.6842
201511,040021,1,3,3.8344,104561068,24
201503,040002,2,4,,93562,19
201503,040002,1,5,1.5345,7104442,24.9138
201505,040036,0,4,5.4439,4911675914,20.2604
201609,040072,0,3,8.3742,979904302,9.7019
201609,040072,1,2,4.2845,104010653,7.9002
201605,5,1,2,4.7752,1524514889,15.0728
201605,5,0,3,7.6846,10338893958,15.2696
201602,5,1,1,4.8675,636269448,11.4533
201503,5,1,4,2.4701,50053849699,28.7327
201602,5,0,2,9.7792,17506608660,24.4485
201503,5,0,5,5.3361,1815519818,82.5464
201609,040036,0,2,9.9066,92515495,36.6056
201603,040002,0,1,10.3819,752309157,28.7309
201605,040014,0,4,6.0771,21641935237,17.3443
201612,040036,0,3,11.1888,53977112,29.5585
201606,040072,1,3,4.0619,102573945,3.0132
201605,040014,1,3,4.6663,342318357,6.0309
201606,040072,0,4,6.4554,10235235770,30.697
201607,040012,0,3,7.8172,2146712897,8.2117
201607,040014,1,3,4.9186,225981883,10.3842
201607,040012,1,2,4.0068,185861279,17.7079
201607,040014,0,1,10.5208,2354559780,33.6693
201607,040014,0,4,6.2373,34494173382,18.4535
201510,040012,1,4,1.9212,13234936332,19.3216
201609,040021,0,1,12.964,769808508,64.1751
201601,040002,0,4,4.9479,6727160287,13.2634
201609,040021,0,4,7.0779,15052551883,24.0565
201601,040002,1,3,2.0635,106648200,12.3343
201512,040021,1,3,4.2036,197750024,23.8733
201510,040014,0,3,6.9272,1448290232,11.8127
201505,040014,0,5,6.636,158338229,13.564
201609,040021,1,3,4.7287,108922552,23.4138
201510,040014,1,2,4.4411,381874945,5.1581
201512,040021,0,4,5.889,9976398199,24.0072
201505,040002,1,4,1.6863,2534021572,13.8997
201510,040012,0,5,6.33,261662156,34.2423
201505,040014,1,4,2.2133,5163431422,12.4237
201601,040002,2,2,10,165,47
201503,040036,1,1,5.1226,16848812,12.9969
201512,040002,0,4,4.9648,11333787949,30.1673
201512,040002,1,3,3.2196,144307528,14.2063
201512,040002,2,2,10,275,45
201503,040036,0,2,9.3561,151693957,37.5591
201610,040021,0,4,7.1725,15504750480,23.9944
201604,040072,0,2,10.4199,2360990937,22.2647
201605,040021,1,4,3.2954,7261041718,22.6393
201610,040021,1,3,5.1024,83360988,24
201604,040072,1,1,5.3596,5530898,4.2516
201610,040036,1,4,5.0007,768699039,9.8272
201610,040036,0,5,8.11,19965505,202
201506,040044,0,3,6.41,744478374,49.0177
201602,040002,1,2,4.1082,102747724,14.9714
201506,040044,1,2,2.6208,95247653,57
201501,040072,0,2,9.1911,2361072699,13.3992
201501,040072,1,1,5.2547,2548045,2.4706
201602,040002,0,3,7.0481,794335643,14.9707
201511,5,2,1,10,98,8.3367
201511,5,1,2,4.8293,1491530094,17.4843
201507,5,0,1,9.3901,11950111572,27.1713
201511,5,0,3,6.9439,10579686033,14.9369
201609,040012,0,1,10.6642,4023537475,26.9452
201609,040002,1,1,3.964,20779073,2.3556
201609,040002,0,2,10.4026,3046749055,30.3438
201507,040021,1,5,3.5204,507011685,23.4009
201505,040072,0,2,9.3842,2544637944,16.3645
201505,040072,1,1,2.2955,50493958,1.1363
201507,040014,0,2,8.2132,2104615801,22.4672
201605,040021,1,2,5.2731,135069855,23.6468
201508,040014,1,2,5.081,361190444,5.1168
201508,040012,0,5,6.3,20301338,20
201610,040002,1,1,3.7125,66253592,9.5487
201508,040012,1,4,1.801,14616565900,18.2299
201507,040012,0,4,5.43,16755384803,14.1772
201507,040014,1,1,5.1346,226912738,6.392
201610,040002,0,2,10.7064,3212098234,30.146
201508,040014,0,3,7.1711,1441815212,11.4855
201605,040021,0,3,7.5204,722253845,24.9525
201507,040012,1,3,4.0057,315475292,5.1353
201610,040036,1,2,5.3019,55906775,48.1396
201610,040036,0,3,9.8007,113825004,60.2766
201506,040044,1,4,2.5187,1297883520,53.7662
201608,040036,0,3,8.8158,131627857,26.8263
201509,040044,0,5,6.33,2412190,
201507,040014,0,5,6.56,835638480,11.3156
201608,040036,1,2,3.2638,35664580,42.2745
201509,040044,1,4,1.0288,5752916919,59.9234
201504,040044,1,2,3.649,48027167,35.9811
201507,040014,1,4,2.849,6987126484,18.0702
201511,040044,0,4,5.2411,5414457151,49.4172
201504,040044,0,3,5.9169,610700721,36.2067
201506,040044,0,5,6.3,54530479,8
201511,040044,1,3,3.6224,47363535,32
201506,040002,1,5,1.5419,6864645,21.921
201510,040072,1,2,3.4658,132704608,4.0029
201511,040021,0,1,13.1484,621566517,48.2179
201504,040002,2,1,10,10,12
201510,040072,0,3,7.0188,1185437350,11.6624
201512,040021,1,1,5.5116,10964999,22.8966
201601,040072,1,5,4.38,20347762,32
201512,040021,0,2,11.13,832898629,42.1902
201504,040002,0,3,6.3206,548742980,14.9531
201504,040002,1,2,2.7695,60918565,11.5787
201602,5,2,4,,179105,8
201604,5,2,1,0,0,0
201604,5,1,2,4.8305,1231009205,9.8753
201604,5,0,3,7.7684,9578170004,16.3193
201602,5,1,5,3.8165,82973761,10.147
201505,5,0,1,9.2012,10465053530,24.1002
201508,040036,0,1,9.7469,9502606,38.4942
201609,040044,0,1,8.2848,306297136,49.5612
201605,040036,0,3,9.8861,69657901,32.7333
201605,040036,1,2,3,28723026,49
201512,040072,0,1,10.0396,1352308516,23.1334
201612,040072,0,1,12.6111,1295366955,29.6818
201501,040044,1,4,3.1332,557722010,39.8045
201501,040044,0,5,6.29,33895835,13
201505,040021,0,3,6.8006,740122944,24.0633
201505,040021,1,2,4.411,80330223,24
201511,040014,1,5,2.6435,47529124,18.5818
201606,040014,0,4,5.9522,29731430709,23.6766
201606,040014,1,3,4.387,334436061,4.2027
201503,040072,1,5,3.8256,30487218,18.5569
201501,040021,0,5,5.81,36562500,24
201501,040021,1,4,2.6991,3810589034,23.9993
201611,040014,1,4,3.5426,8474324348,31.5198
201502,040072,1,4,3.6555,3373488655,5.8526
201611,040014,0,5,7.07,49753383,2.3113
201609,040014,1,5,4.0683,49497380,34.6356
201509,5,2,4,,115178,13
201512,5,1,1,5.0475,778132253,9.7142
201603,5,2,2,10,84,5
201509,5,1,5,2.8149,549408272,32.86
201512,5,0,5,5.9157,1388575056,116.2326
201603,5,0,4,6.2146,1.13679E+11,35.5202
201502,5,0,1,9.1658,9693008284,22.9446
201603,5,1,3,4.3871,1274344756,9.1776
201512,5,0,2,8.6261,19862074422,23.0063
201512,5,1,4,2.8253,68815478555,33.1444
201603,040002,1,2,4.2625,82704129,16.8534
201612,040036,0,4,8.5987,2793445162,27.6806
201603,040002,0,3,7.698,705593550,14.494
201606,040002,0,3,7.2296,941832873,18.4903
201606,040002,1,2,3.5162,139470057,6.7803
201507,040072,1,5,3.8432,37399888,14.7685
201512,040044,1,2,4.0256,68078862,57.1184
201512,040044,0,3,5.8405,749186508,41.879
201604,040002,0,3,7.2541,660369887,12.9841
201604,040002,1,2,4.0808,51913570,11.4324
201604,040002,2,1,0,0,0
201510,040012,0,1,8.9523,3727103095,27.878
201503,040021,0,2,11.6791,788331563,36.5974
201611,040072,0,4,7.7461,11878128943,57.4716
201611,040002,0,2,10.7567,3398596282,30.1497
201503,040021,1,1,5.2323,20476693,23.8637
201611,040072,1,3,4.2158,75205775,35.8949
201611,040002,1,1,4.258,30150788,10.8997
201512,040036,0,1,10.2345,41871371,68.4607
201503,040014,0,4,4.7606,24654505416,10.6409
201503,040014,1,3,4.4832,426236628,6.3627
201504,040021,0,1,14.9243,436262214,44.2299
201505,040072,0,1,9.9117,929075257,20.4777
201605,040014,0,5,,3296620,2.4164
201610,040012,0,1,11.1342,3882492369,25.7288
201605,040014,1,4,3.1739,7686061165,31.2523
201608,5,0,3,8.0992,10429384114,12.5156
201608,5,2,1,9.2618,7999572,62.6923
201608,5,1,2,4.9375,1316467024,14.0032
201509,5,0,1,9.4234,12386443366,26.2363
201606,5,0,1,10.3036,14495608905,27.4066
201507,5,0,5,6.6457,1189513709,32.5259
201507,5,1,4,2.705,49792510704,21.5132
201509,040036,1,2,5.4796,111365355,86.4883
201610,040002,1,4,2.0005,2949901710,12.6911
201611,040002,0,4,6.8176,14864910300,24.5975
201611,040002,1,3,4.1378,157705926,26.1146
201605,040044,0,3,7.003,676369131,48.9384
201506,040036,0,3,8.1224,63888529,35.2889
201605,040044,1,2,3.3029,26773454,40.3585
201509,040036,0,3,7.3986,117447263,20.4546
201611,040002,2,2,10,531,34.9492
201604,040072,0,1,11.7377,992568225,28.9782
201501,040036,0,3,7.8864,79563613,38.6984
201506,040036,1,2,4.267,48802551,48.4294
201501,040036,1,2,3,16253442,4
201605,040036,0,1,9.7882,9522715,35.8677
201504,040036,0,4,5.1166,7185876518,22.4433
201612,040021,1,3,4.364,80593835,24
201508,040014,1,5,2.9348,138612502,37.1421
201609,040002,1,4,2.4521,5541830836,37.3215
201504,040036,1,3,3.19,24133098,6
201612,040021,0,4,8.535,13634974902,24.1115
201604,040072,1,3,4.1527,39029027,2.7557
201503,040044,0,2,6.6963,564109059,44.9987
201503,040044,1,1,3.7617,17384005,64.4506
201501,040044,1,1,4.151,24651678,55.2849
201501,040044,0,2,6.6503,554400970,60.3828
201605,040036,0,4,6.5194,5908724647,44.0592
201604,040072,0,4,6.6536,7142684459,27.3689
201507,040002,1,2,4.0055,56973318,17.8676
201601,040044,1,1,3.7735,37280146,52.6577
201507,040002,0,3,6.3918,876927644,15.3958
201606,040072,0,2,10.6855,2720489113,22.6197
201606,040072,1,1,5.3696,9554118,3.0737
201601,040044,0,2,6.913,516965486,46.9362
201512,040002,1,2,3.8215,145297646,26.3549
201512,040002,0,3,6.5259,709328555,22.0705
201604,040014,1,5,2.7665,54334108,21.2646
201602,040036,0,3,8.46,110535396,23.7854
201611,040012,1,5,5.06,1,108
201612,040014,0,1,11.9757,2517379771,30.5565
201502,040002,1,4,2.0403,3038173662,16.8625
201602,040036,1,2,6.3302,68386793,27.7991
201612,040002,0,1,10.5154,1160847284,25.4777
201608,040044,0,2,7.8061,505036813,38.4174
201611,040014,1,3,4.6417,273368009,5.4134
201612,040012,0,3,9.0656,2247149802,6.7967
201606,040002,1,4,2.597,7053357699,29.3586
201608,040044,1,1,7.4039,8813655,35
201606,040014,1,4,2.7177,9964050669,32.798
201611,040014,0,4,7.5206,23576781675,17.6355
201605,040012,0,1,10.6621,4304794629,27.3929
201612,040012,1,2,4.751,259727022,11.7173
201606,040014,0,5,6.7992,64075275,1.4196
201505,5,1,3,3.6718,1108266140,8.0196
201505,5,0,4,5.4875,90396706015,19.8308
201504,5,0,1,9.4244,10370728859,25.0553
201511,5,0,5,5.7658,2787244272,37.319
201603,5,1,2,4.7418,1027318264,35.3712
201511,5,1,4,2.5326,35727831659,20.0008
201601,5,1,1,4.9858,616972189,8.624
201601,5,0,2,8.7481,15531821156,19.4905
201608,5,1,5,3.6143,68659230,10.3866
201603,5,0,3,7.6439,9662834883,17.0989
201505,040021,0,5,,19256168,24
201505,040021,1,4,2.6668,4993233152,23.9999
201603,040072,0,1,11.3036,1194805106,31.5643
201611,040021,0,2,11.617,1073572426,52.0367
201608,040072,0,2,10.953,2873446291,22.0072
201509,040014,0,3,6.9021,1643771706,15.3927
201608,040072,1,1,3.4352,55043030,3.2561
201509,040014,1,2,4.9118,422447388,8.9761
201509,040012,1,4,2.4285,18987000134,4.6691
201611,040021,1,1,4.2795,21421912,21.3433
201503,040072,0,1,9.7564,931455521,17.1763
201509,040012,0,5,6.31,36002100,19
201504,040014,0,5,6.3387,23517173,31.5232
201504,040014,1,4,2.6426,7362296559,44.6044
201507,040021,0,5,7.8077,21624800,24
201507,040021,1,4,2.8841,5697082731,23.8707
201507,040021,0,2,12.0936,878075501,43.6305
201507,040021,1,1,3.4397,23707970,23.824
201510,040072,0,1,10.1215,1079039855,20.6345
201602,040044,0,1,6.9998,202454307,60
201608,040012,0,1,10.2231,3181392476,22.113
201606,040021,0,4,6.5996,11465326244,24.0639
201509,040021,0,5,7.84,10892021,24
201604,040072,0,5,6.7841,11862400,19.1833
201606,040021,1,3,4.0791,171067640,24
201509,040021,1,4,3.6381,6194738564,24
201604,040072,1,4,2.8989,2415617161,15.5632
201506,040012,0,1,8.7133,3437109656,27.5891
201601,5,2,4,,207797,9
201609,5,1,4,3.7196,59139626720,41.3012
201609,5,0,5,8.1528,1800481305,119.0046
201601,5,1,5,4.2776,407422893,83.7028
201510,5,2,1,8.9492,182,12.8407
201510,5,0,3,6.9326,10817813392,13.5893
201510,5,1,2,4.218,1308553596,11.2913
201609,040044,0,3,7.4844,595342489,48.7159
201512,040072,0,2,9.4471,2880874255,20.1446
201511,040002,2,4,7.31,222922,11
201612,040044,0,1,8.8404,341950539,67.7547
201609,040044,1,2,4.4453,37237371,45.1151
201512,040021,1,4,3.0412,8032015334,23.6912
201512,040072,1,1,5.5438,10740939,16.509
201611,040044,0,1,9.0901,238674982,46.6615
201604,040044,1,4,2.3203,2038684780,44.2702
201512,040021,0,5,7.9221,27935402,24
201511,040002,1,5,1.04,660948,15
201509,040002,0,1,10.264,911305917,22.0594
201611,040044,0,4,7.2992,9301201542,59.5048
201611,040044,1,3,4.4349,113512717,27.4769
201511,040002,2,1,10,98,8.3367
201511,040072,0,3,7.1781,1094864484,12.0998
201510,040044,1,3,3.7324,67570250,
201511,040002,0,3,6.1321,937820460,21.1119
201511,040072,1,2,3.4684,110256000,11.092
201510,040044,0,4,5.3439,4117040054,66.916
201511,040002,1,2,4.1002,111953859,20.8599
201506,040021,0,5,5.9354,6738617,24
201506,040021,1,4,2.8082,5585662252,23.9832
201501,040072,1,3,2.6407,110743774,1.8469
201502,040044,0,4,5.2702,3290020530,48.2758
201502,040044,1,3,3.5833,35459585,
201508,040072,1,5,4.06,15198366,37
201501,040002,0,2,9.5269,2343804998,28.8059
201601,040036,1,5,5.0042,195776828,126.0241
201507,040044,1,2,3.565,28979675,50.7869
201507,040044,0,3,6.358,678242973,49.0455
201501,040072,0,4,6.2458,5632841858,17.0517
201501,040002,1,1,3.6176,23300914,16.6761
201604,040036,0,3,8.4699,107452390,24.9408
201507,040021,1,2,4.6047,147543727,23.9486
201504,040021,0,3,6.9195,576438215,24.0358
201604,040036,1,2,4.8041,65180080,6.4654
201610,040014,0,4,6.5438,31556832664,14.0639
201610,040012,1,5,2.53,1416652500,60
201610,040014,1,3,5.1147,302270252,4.0694
201507,040021,0,3,6.977,620346941,25.0171
201504,040021,1,2,4.2124,121249201,23.9935
201606,040012,0,1,10.4108,4174221636,25.2413
201605,040072,0,2,10.4996,2744672292,19.8614
201605,040072,1,1,5.2948,10431982,10.4585
201611,5,1,4,3.6244,69181602026,39.2649
201611,5,0,5,8.4212,243553044,67.3004
201508,040002,1,5,1.2195,9277087,26.7441
201502,040044,0,2,6.3442,552926671,49.0677
201502,040044,1,1,3.3327,35430471,53
201512,040002,0,2,9.7634,2428255637,32.117
201512,040002,1,1,4.384,63802516,16.9149
201601,040021,1,3,3.9974,114467679,23.6877
201601,040021,0,4,5.9907,8911479265,23.9608
201602,040014,1,3,4.544,263674749,4.3121
201610,040036,1,3,7.56,15602066,10
201602,040014,0,4,5.8143,19685277501,21.9016
201610,040036,0,4,7.2761,6397407337,34.0938
201604,040012,1,4,2.6623,10224136778,20.4516
201607,040002,1,4,1.8084,9172640461,21.8154
201609,040021,0,2,11.3071,980473348,55.7209
201604,040014,1,2,5.7618,325685173,5.287
201609,040021,1,1,6.0106,26468937,23.3535
201604,040014,0,3,7.872,1476114245,34.7093
201509,040002,1,2,3.5827,112351158,27.3349
201505,040002,1,3,2.9089,119779803,13.8874
201505,040072,0,4,5.8532,7228817229,37.4626
201509,040002,0,3,6.3553,900228859,11.3024
201505,040072,1,3,3.3344,137990046,1.7883
201505,040002,0,4,4.7343,9876267769,22.9875
201610,040044,0,3,7.9605,569566030,52.7585
201610,040044,1,2,4.3309,50358488,27
201509,040002,2,1,10,22,11
201610,040002,0,1,10.4185,1089336447,30.0231
201508,040021,1,4,2.9893,5606658955,23.7212
201508,040021,0,5,7.81,19219356,24
201607,040021,0,1,14.0726,472585072,54.1448
201509,040072,0,3,6.8709,1074899905,8.6115
201509,040072,1,2,3.423,84589098,3.0745
201510,040036,1,3,3.5519,34205508,8.8986
201512,040036,0,4,5.7372,10847438004,22.2369
201509,040002,1,5,1.2947,1752513,29.0393
201602,040012,0,3,7.4627,2201502384,9.5797
201504,040036,0,2,9.4583,205188537,38.9864
201512,040036,1,3,3.1006,5871535,14.3792
201605,040072,0,3,7.8213,1127664471,10.1962
201602,040012,1,2,4.7202,142883155,7.8825
201510,040036,0,4,5.735,6457881438,9.0087
201604,040002,1,5,2.5721,24675816,39.6028
201605,040072,1,2,4.0903,150249878,8.0223
201508,040014,1,3,4.24,314552655,5.0123
201602,040014,0,1,10.5037,2713556568,35.0693
201504,040036,1,1,2.9,7352026,6
201508,040014,0,4,5.45,15489435642,7.092
201604,040002,2,4,,38370,6
201509,040002,2,4,,115178,13
201504,040002,0,2,10.4642,1812645294,25.9662
201602,040072,0,2,13.0848,2799996835,33.667
201504,040002,1,1,3.6696,54778184,25.8396
201504,040036,0,5,5.5347,5900083756,296.5761
201602,040072,1,1,5.6704,8159477,4.5513
201504,040036,1,4,4.0194,1948886483,29.1967
201606,040002,1,5,1.5625,776766,19.1973
201502,5,1,5,2.75,50974052,21.2
201507,5,0,2,8.7397,17849925140,21.8553
201507,5,1,1,3.9835,752645319,16.9496
201502,5,2,4,,40329894,20
201504,5,0,5,5.5709,6163328484,285.6573
201504,5,1,4,2.5151,33214023506,22.6848
201606,040036,1,4,5.3118,4415593477,29.7552
201606,040036,0,5,7.7402,148026259,169.0367
201610,040072,1,3,3.3579,46457490,39.0615
201603,040021,0,2,11.1982,852531154,43.6508
201603,040036,1,2,4.8923,73956584,277.6581
201603,040021,1,1,5.5195,30121932,24
201611,040012,0,2,9.8022,3124952695,16.4787
201505,040012,0,1,8.4954,3017982642,22.2534
201606,040044,1,4,2.587,3180083900,47.8931
201503,040002,0,1,9.5709,772189680,26.5685
201602,040072,0,4,6.3286,8102263850,27.7817
201607,040044,1,4,2.4374,2853922554,47.7923
201508,040072,0,3,7.0799,1213717200,9.7777
201610,040012,0,3,8.4098,2250849420,6.4823
201610,040012,1,2,4.2258,226555322,15.5384
201602,040072,1,3,3.3469,77234824,2.5513
201508,040072,1,2,3.1981,128316994,4.2034
201610,040014,0,1,11.4716,3079859851,31.9809
201512,040012,0,3,6.8505,2387248358,9.3928
201512,040014,0,1,9.673,3356488424,31.4173
201603,040012,0,2,8.4821,2900262393,18.0289
201603,040012,1,1,4.4113,166527179,4.3143
201503,040014,1,5,3.3472,38156618,36.3768
201512,040012,1,2,4.2628,238503212,6.5381
201607,5,2,4,,50575,3
201607,5,1,5,3.3916,150745273,20.9088
201509,040002,0,4,4.262,13911966487,10.3516
201607,040021,1,4,3.3904,6422273240,23.9477
201509,040002,2,2,10,451,11
201509,040002,1,3,2.9515,104014300,5.3192
201604,040012,1,2,4.5775,124572397,9.9324
201610,040012,1,4,3.0818,7624411736,18.9471
201612,040012,0,1,11.0733,2834825820,21.3088
201610,040014,1,2,5.7051,378527470,7.7418
201503,040012,0,2,7.9187,2446718191,15.783
201604,040014,0,1,10.5442,2512824719,29.953
201503,040012,1,1,4.0792,258388341,11.9067
201610,040012,0,5,7.61,4676365,4
201604,040012,0,3,7.4105,2206702548,7.8658
201610,040014,0,3,8.7752,1390178915,20.7299
201511,040072,1,3,3.7391,36582379,2.5519
201511,040072,0,4,5.7841,8133877744,20.3064
201503,040021,0,1,14.7707,473301663,38.2045
201503,040021,0,4,5.3207,11452632558,24.0044
201512,040014,1,2,5.484,335914955,7.8912
201512,040012,1,4,2.3888,15831732318,26.5784
201603,040014,0,4,6.3393,16879487525,31.579
201502,040012,0,2,7.5823,2092452943,12.0579
201504,040021,1,4,3.1865,4613771292,23.9856
201512,040012,0,5,6.32,1231226,17
201503,040021,1,3,3.9628,107539391,23.7859
201508,040002,1,4,2.2771,6965460646,34.0594
201603,040014,1,3,4.7694,291591530,4.0771
201502,040012,1,1,3.2915,161454561,4.6673
201512,040014,0,3,7.0455,1702205605,23.4022
201605,040002,1,4,2.3828,6916564861,25.2033
201602,040021,0,4,5.9353,11797020674,24.0119
201602,040021,1,3,4.6828,111928275,24
201609,040012,0,2,9.6184,3489217647,20.9001
201609,040012,1,1,4.5507,166263445,7.4
201607,040002,0,4,5.6244,16598233545,13.8803
201504,040021,1,1,4.1227,56537414,23.9988
201607,040002,1,3,3.3179,72393297,23.852
201607,040002,2,2,10,249317,8.1713
201504,040021,0,2,12.5857,696048117,39.158
201502,5,1,3,3.6598,1314084424,7.9168
201502,5,2,2,9.9654,820663,28.2365
201502,5,0,4,5.3744,78370168095,14.9582
201601,040072,1,4,3.3955,3108708142,25.3569
201601,040072,0,5,6.1533,6134400,15.7739
201602,040014,0,2,9.4092,2462648788,28.6148
201608,040036,1,4,3.3865,2823873901,77.3871
201501,040044,1,2,2.74,49453711,31.6275
201602,040012,0,4,5.8477,20536695037,15.9113
201507,040072,0,1,9.9055,1220657154,26.8025
201501,040044,0,3,6.385,484782231,47.6709
201508,040044,0,5,6.33,386300587,6
201602,040014,1,1,5.8169,209012844,4.028
201508,040044,1,4,2.7463,2051970844,55.131
201608,040036,0,5,7.6846,857680783,199.7753
201602,040012,1,3,3.6248,369438367,3.0426
201610,040002,2,4,,283320,0
201501,040036,0,4,5.2857,6816426581,19.4576
201504,040002,1,3,3.7065,74466987,9.4046
201501,040036,1,3,7.19,7494250,8
201504,040002,2,2,10,334,16
201504,040044,1,1,4.8586,10695503,64
201504,040044,0,2,6.2836,616056670,37.0326
201504,040002,0,4,4.7318,7817887975,15.9066
201605,040044,1,3,3.866,95625943,27.4258
201605,040044,0,4,6.0865,6285864408,45.3224
201505,040044,0,1,6.9905,267156572,57.7073
201512,040044,0,4,5.6561,6991277816,67.1824
201508,040036,1,5,5.0067,338061308,137.82
201611,040012,1,1,4.5819,185376183,7.6949
201610,040072,0,4,7.2752,10636930251,43.0734
201603,040036,0,3,8.1894,102328423,282.3796
201512,040072,1,3,4.1931,73772072,3.0415
201603,040021,1,4,3.6379,7123279909,23.9895
201611,040044,0,3,8.4507,648379572,53.8356
201511,040012,0,5,6.3,107270893,18.3728
201511,040014,0,3,6.9017,1576499523,17.4945
201611,040044,1,2,4.0957,28983218,25.714
201511,040012,1,4,2.0564,9024322494,29.7164
201512,040072,0,4,5.5457,15932021712,64.2576
201511,040014,1,2,5.5691,377226345,7.5134
201606,040021,0,1,13.8165,543025731,51.6783
201608,040021,0,3,8.0739,754972955,7.8157
201608,040021,1,2,4.6787,99272721,3.84
201601,040044,1,2,3.4029,37779099,40.2553
201509,040021,0,2,11.605,882777186,48.1426
201509,040021,1,1,5.4915,9535699,24
201601,040044,0,3,6.31,529189736,48.224
201608,040044,0,3,7.6145,576454504,50.63
201612,040002,0,2,10.9608,3059568901,27.8859
201608,040044,1,2,4.3132,36346330,
201612,040002,1,1,3.0368,30256276,14.6489
201602,040036,1,4,4.7652,1496748046,31.5528
201502,040014,0,3,7.1381,1187195172,11.5291
201502,040012,1,4,1.4408,12345389039,10.2725
201502,040014,1,2,4.4005,357588394,9.5208
201602,040036,0,5,7.0055,146708173,189.0487
201611,040021,0,1,13.5948,609071182,61.5049
201502,040021,0,3,6.8972,615444412,25.0805
201502,040021,1,2,3.9139,119769648,24
201611,040021,0,4,7.2338,14865520330,24.0061
201507,040014,1,3,4.651,381602109,5.5377
201504,040072,1,4,3.2818,1383190343,3.1806
201503,040002,0,3,6.3321,1373923145,10.842
201611,040021,1,3,4.8059,101106014,22.8267
201503,040002,2,1,10,25,17
201507,040014,0,4,5.1723,13333185685,9.0718
201503,040002,1,2,4.2601,116941036,25.9904
201504,040072,0,5,6.0024,94287641,2.2358
201508,040072,1,4,3.2673,4726194052,21.2991
201508,040072,0,5,6.0296,54121482,2.5611
201510,040014,1,5,2.83,41559870,15.7328
201508,5,0,1,9.5666,12005735822,26.1719
201604,5,2,2,10,65,41
201503,5,1,1,4.3513,756158503,9.804
201604,5,1,3,4.33,962256250,9.6642
201604,5,0,4,6.3036,1.01638E+11,21.2883
201503,5,0,2,8.7391,17977265069,20.4702
201511,040036,0,2,8.3493,216128683,53.116
201602,040044,0,5,7.3,960000000,
201502,040002,0,2,9.3322,2001186092,23.4498
201610,040021,0,2,11.4218,932882136,49.4463
201511,040044,0,1,6.747,174268263,21.1266
201602,040044,1,4,1.9856,2240747254,46.5174
201610,040021,1,1,5.7206,22997305,24
201502,040002,1,1,4.2092,33070368,9.375
201511,040036,1,1,0,0,0
201609,040014,0,2,9.9548,4018314061,37.6768
201607,040072,1,3,2.8896,79061139,2.1031
201509,040044,1,1,3.7269,18445861,59
201609,040014,1,1,5.3702,369204349,6.5808
201609,040012,0,4,6.8042,24383439490,16.694
201609,040012,1,3,4.0395,324815346,3.3599
201611,040021,1,4,3.6403,8746508695,21.7721
201509,040044,0,2,6.4991,675138077,46.2401
201607,040072,0,4,7.3283,7939979681,26.8079
201504,040002,2,4,,134079,18
201504,040036,0,1,11.7781,46804484,22.6638
201603,040072,0,4,6.5028,7515706379,29.3115
201610,040044,0,2,8.3537,537200482,43.9146
201610,040044,1,1,2.9617,42430447,48
201603,040072,1,3,4.2386,38233007,5.0258
201506,040036,1,5,4.09,326833856,24
201504,040002,1,5,1.4876,2213352,25.8294
201508,040036,0,4,6.1953,3970939636,14.2238
201508,040036,1,3,4.095,2706847,29.151
201506,040021,0,2,11.6267,798366178,36.7615
201506,040021,1,1,3.2528,21373569,24
201612,040014,1,3,4.9951,207204224,7.6278
201512,040044,0,5,5.618,31336946,59
201612,040014,0,4,7.8604,25552263388,21.433
201512,040044,1,4,2.626,1961600609,53.2378
201502,040072,0,3,7.2222,884387477,8.3572
201502,040072,1,2,3.2291,98569889,1.9089
201510,040014,0,2,8.187,2401171903,20.7074
201510,040014,1,1,5.2864,221074691,5.8354
201510,040012,0,4,5.3213,21667352810,15.5956
201510,040012,1,3,3.9727,266950815,4.2489
201611,040002,0,1,10.7754,1148327092,27.0131
201610,5,1,2,4.6391,1412627471,15.4847
201501,5,1,2,3.9933,1516269606,12.2198
201509,5,0,2,8.7131,18790808774,20.6833
201501,5,2,1,9.7436,311857,19.5542
201509,5,1,1,4.6152,768480720,18.2415
201610,5,0,3,8.662,9840223473,14.6291
201502,5,0,5,6.3997,420151159,97.2424
201501,5,0,3,7.0146,9341966686,11.1026
201503,5,1,2,4.3654,1531900620,13.7272
201502,5,1,4,2.2706,35307137737,12.3971
201502,5,0,2,8.5683,15181958299,17.9384
201503,5,2,1,10,25,17
201502,5,1,1,4.1213,820094870,12.729
201503,5,0,3,6.9597,11339695107,11.5094
201605,040072,1,5,4.0521,118658832,8.6043
201503,040072,1,4,3.4285,3316601276,7.9086
201502,040072,0,4,6.0414,6695454209,20.1845
201502,040072,1,3,3.2433,118866372,2.6667
201506,040014,1,5,3.1287,73768922,14.0867
201501,040021,1,3,3.8091,201441496,24
201603,040036,0,5,7.6409,271164353,275.1385
201503,040072,0,5,5.1061,1485270700,75.3976
201501,040021,0,4,4.987,11718717147,24.0068
201603,040036,1,4,6.0951,3386710460,274.634
201507,040044,1,3,2.8887,55673834,16.5815
201507,040044,0,4,5.3103,3753417942,43.957
201608,040021,0,1,13.2149,653411660,55.9604
201508,040044,0,4,5.3595,4567515880,47.3229
201510,040036,0,1,9.0357,54474095,58.8013
201508,040044,1,3,3.7467,62716712,41.9984
201512,040044,1,3,3.7724,64794535,38.372
201609,040012,0,5,8.17,1700000000,120
201508,040021,1,5,2.6283,578320124,23.9686
201609,040014,0,3,8.2025,1504672783,24.1634
201507,040002,1,4,2.1135,6192434739,24.8435
201609,040012,1,4,2.5941,8881818794,33.4505
201609,040014,1,2,5.636,294650146,6.7299
201610,5,0,5,8.2755,148842575,134.298
201610,5,1,4,3.3144,30970723639,18.4677
201505,5,0,5,6.9696,1324499349,67.4142
201506,5,0,5,6.7388,534231164,93.6894
201505,5,1,1,4.3684,610275933,8.0257
201506,5,1,4,2.6889,44347126474,20.4328
201505,5,1,4,2.3719,34122152664,21.25
201503,5,1,3,3.9554,1657011386,8.398
201505,5,0,2,8.7197,17040742022,19.4685
201503,5,0,4,5.2449,1.15541E+11,19.4139
201602,040021,1,1,5.3348,17212713,24
201507,040072,0,3,7.1071,1396375430,12.5068
201507,040072,1,2,3.2379,105907237,3.2462
201602,040021,0,2,11.0479,837094152,42.9707
201609,040021,1,2,4.5665,68535357,22.9917
201609,040021,0,3,8.154,598600697,26.4888
201601,040072,0,3,7.143,1010748678,8.6222
201609,040014,0,5,6.17,2083,
201601,040072,1,2,3.786,194959465,5.2729
201608,040044,0,5,7.85,50000000,
201602,040044,0,2,7.1093,471660857,31.4304
201609,040014,1,4,3.0689,10103732991,32.1103
201610,040044,1,4,2.1225,2842206525,37.8731
201601,040002,0,2,9.1441,1832684847,27.5512
201608,040044,1,4,2.2399,3619996551,54.9637
201602,040044,1,1,3.7381,44352982,
201511,040036,1,4,3.621,5405991166,15.9148
201611,040012,0,3,8.6584,2546470776,9.5463
201611,040012,1,2,4.3865,296109832,10.9212
201511,040036,0,5,5.5009,2282936295,29.4859
201611,040014,0,1,11.8134,2447455486,33.1325
201601,040002,1,1,2.9563,44170663,15.3372
201507,040002,2,4,,61134,15
201606,040002,0,2,9.9634,2948151380,27.0757
201606,040002,1,1,4.2188,29263228,7.1975
201507,040002,1,5,1.2906,5629904,31.1717
201512,040036,0,3,8.1489,84629859,27.2699
201512,040036,1,2,5.2216,121273877,95.4539
201612,040021,0,1,14.081,549126529,61.8874
201508,040021,0,1,14.7,512318796,53.5248
201608,040021,1,1,5.7417,52960940,3.8849
201609,040021,1,5,3.8951,13432723,9.6133
201612,040002,0,4,7.0562,17871550854,18.3397
201612,040002,1,3,3.7205,84755693,11.4521
201608,040021,0,2,11.3846,975982544,47.6878
201607,040014,1,5,2.64,59300488,23.3933
201512,040002,1,5,3.2723,938134902,59.6562
201512,040002,2,4,,151160,10
201503,5,1,5,4.3628,252641322,95.0785
201501,5,1,5,1.5252,5633072,27.1886
201503,5,2,4,,93562,19
201506,5,1,5,3.8595,498812391,25.7688
201512,5,1,5,3.9057,1896792951,82.7597
201506,5,2,4,,134314806,1
201512,5,2,4,,151160,10
201604,040036,1,1,3.4581,2566425,3.5701
201604,040036,0,2,8.578,124157198,27.1693
201604,040044,1,3,4.0777,43419105,
201604,040044,0,4,5.979,7652546009,45.8074
201612,040072,1,2,4.4186,130300682,9.1931
201511,040002,0,2,9.8138,2363476027,26.6089
201607,040044,0,1,7.7457,188246977,29.6731
201511,040002,1,1,2.8333,27026614,11.4178
201511,040021,0,3,7.0584,643867846,24.9163
201612,040072,0,3,9.5304,1223731497,12.6067
201601,040021,0,1,13.5578,514975799,47.7155
201604,040044,0,1,7.121,187540088,54.3929
201511,040021,1,2,4.5208,76336711,24
201611,040044,1,1,4.1404,61093112,44.1841
201501,040036,0,5,6.7214,132288994,177.5354
201501,040002,0,1,9.6487,659394652,28.411
201501,040036,1,4,5.6061,2929165601,16.0145
201611,040044,0,2,8.7067,806462407,42.4428
201601,040044,1,3,3.4734,72236920,37.0287
201601,040044,0,4,5.0344,8159188353,52.9182
201605,040044,0,1,7.1586,174811476,34.0357
201506,040012,1,1,3.9674,215630437,9.2792
201506,040012,0,2,7.3987,2546168463,12.493
201509,040044,0,4,5.5134,5720087643,55.9278
201509,040036,0,5,6.4918,140359365,194.9027
201509,040036,1,4,5.366,174399622,22.552
201509,040044,1,3,3.4606,34987329,15.4036
201606,040012,0,2,8.3701,2580222819,15.7307
201608,040012,1,1,4.5317,231177977,22.1875
201606,040012,1,1,4.53,204368819,6.7666
201608,040012,0,2,8.6015,2675233995,14.7687
201603,5,0,5,7.5267,479897377,177.1753
201510,5,0,1,9.2766,13336484996,25.9936
201601,5,0,4,5.5184,1.06395E+11,25.4027
201601,5,1,3,3.9536,1366696419,11.9201
201607,5,0,5,7.8896,463607424,108.0848
201607,5,1,4,3.2573,47661564259,26.0785
201510,5,2,2,10,257,10
201603,5,1,4,3.4261,39845618723,56.7664
201510,5,1,3,3.9758,1251588056,8.1998
201510,5,0,4,5.6389,97400371868,19.965
201601,5,2,2,10,165,47
201508,040072,0,4,6.2174,7553776742,57.8927
201501,040014,0,5,5.9877,34502251,25.1432
201501,040014,1,4,2.2906,5929879107,8.1775
201508,040072,1,3,3.2673,152456535,3.4012
201501,040002,1,2,4.4314,98776710,8.8668
201509,040012,0,4,5.5114,15895303960,14.3807
201503,040021,1,5,3.7755,27858227,29.8939
201509,040014,1,1,5.1793,280361847,8.6215
201501,040002,0,3,6.48,547908031,14.342
201501,040002,2,1,9.7436,311857,19.5542
201509,040012,1,3,4.4937,282577770,9.1309
201501,040012,1,3,3.4002,329922639,3.2667
201503,040002,1,3,3.4805,207081677,9.3749
201503,040002,0,4,4.2845,11843811150,10.8311
201603,040021,0,1,14.0506,494090090,54.9301
201508,040021,1,1,5.4113,61371171,23.8795
201508,040044,0,1,7.11,160373672,53.7846
201507,040021,1,3,4.2653,162344640,23.8437
201507,040021,0,4,5.5111,8996758153,24.0117
201508,040021,0,2,11.527,928156753,45.177
201501,040044,0,1,6.6902,164118841,31.8471
201512,5,0,1,9.488,13629029618,26.0419
201604,5,1,1,4.9267,651561822,12.5409
201508,5,0,2,8.7788,17122617783,20.8253
201604,5,0,2,9.5481,16215411821,21.7796
201609,5,0,1,10.6192,15829436702,29.9424
201605,5,0,5,6.8441,206115322,70.4941
201602,5,1,3,4.1425,1278179684,6.748
201602,5,2,2,10,515,28.6311
201508,5,1,1,4.8501,728940724,8.6922
201605,5,1,4,2.9873,46710069967,35.8391
201611,5,1,2,4.6559,1422598122,14.8788
201602,5,0,4,6.1235,95860809726,21.1584
201611,5,0,3,8.9628,9319888171,15.4467
201501,040014,0,4,4.8851,18843812196,8.2657
201501,040014,1,3,4.1588,269948514,7.3213
201608,040072,0,5,7.3159,68617804,28.7513
201608,040072,1,4,3.1016,2541358803,8.0656
201508,040002,1,1,3.8922,6537809,10.0528
201508,040002,0,2,10.4851,1917605635,26.377
201512,040036,0,5,5.1581,465476787,145.142
201512,040036,1,4,3.5662,6994737637,45.5216
201612,040012,0,4,7.7382,32042294081,11.1452
201602,040012,1,1,4.3305,249323559,17.0336
201607,040072,0,2,10.6312,2903008369,21.4309
201612,040014,1,1,5.9352,151984215,3.8803
201612,040012,1,3,4.2746,374096138,3.1891
201612,040021,0,2,11.8423,1031819385,45.802
201607,040072,1,1,2.3546,42638999,1.1189
201612,040014,0,2,10.6974,2893489134,29.0006
201612,040021,1,1,,1224421,24
201601,040072,0,1,9.9333,1036804756,39.1191
201503,040044,0,4,5.1509,3327383892,36.8895
201503,040044,1,3,3.6795,58746526,52.4042
201602,040012,0,2,8.0518,2507274685,15.0369
201505,040002,0,2,10.6439,2084827127,26.6516
201612,040044,1,4,3.1962,1395514538,48.8558
201505,040002,1,1,3.7169,25386905,7.2667
201609,040036,1,4,5.5506,14153820934,72.4763
201503,040036,1,4,3.7111,9498856572,77.5546
201510,040021,0,4,5.803,10186486667,24.0753
201609,040036,0,5,7.6,24906393,203
201512,040012,1,1,4.3774,185884435,4.4693
201510,040021,1,3,4.0035,124443294,24
201512,040012,0,2,7.2421,2682548513,13.5369
201603,040072,0,5,6.5727,54669096,3.7217
201603,040072,1,4,3.6755,3181876105,4.2156
201503,040036,0,5,6.4924,169269138,200.3411
201610,040012,1,1,4.5521,224125329,4.0998
201512,040002,0,1,10.326,784455807,32.9124
201604,040014,1,3,4.4911,223213690,11.7424
201508,040014,1,4,2.8113,7226754689,16.7208
201604,040014,0,4,6.1688,17558154399,16.964
201508,040014,0,5,5.9419,100318708,36
201610,040012,0,2,10.1473,3245572513,19.921
201510,040002,2,1,8.9492,182,12.8407
201612,040044,0,2,9.1386,600437754,37.9128
201510,040002,0,3,6.188,1217769964,12.2996
201612,040044,1,1,4.8265,7058377,40.9106
201510,040002,1,2,3.6507,94701537,13.1339
201507,5,1,3,3.8289,1542178404,10.478
201507,5,0,4,5.6889,75778706907,19.6588
201511,5,2,4,7.31,222922,11
201511,5,1,5,3.1433,54313086,26.0259
201607,040002,1,2,4.5717,42251276,13.446
201606,040002,1,3,2.7426,150236248,9.6431
201610,040044,1,3,4.5067,46254984,26
201604,040014,0,5,7.0615,28470677,24.1788
201607,040002,2,1,10,6937,1
201606,040072,1,2,4.1035,69964201,1.8068
201612,040072,0,2,11.788,3376743985,27.393
201605,040012,1,1,4.5286,102673181,9.1591
201511,040021,0,5,7.33,21964140,24
201612,040072,1,1,5.5786,4536268,5.6364
201606,040072,0,3,7.9772,1110347397,16.0234
201511,040021,1,4,3.2697,3706405570,24
201605,040012,0,2,8.4101,2915488755,15.6011
201607,040002,0,3,7.1211,867779536,13.2604
201606,040002,0,4,5.2602,15904573673,17.9296
201610,040044,0,4,6.9048,6495055392,44.4469
201604,040014,1,4,3.5912,4733230191,12.6191
201509,040036,0,1,9.049,51641577,19.5634
201602,040021,0,3,7.3778,657833211,24.7532
201602,040021,1,2,4.7906,52788363,24
201509,040044,0,3,6.227,685136358,49.8651
201509,040044,1,2,3.5838,40041050,26
201608,040036,0,2,9.6617,178410887,35.1145
201602,040044,0,3,6.9175,605527399,57.1813
201602,040044,1,2,3.268,37473593,
201505,040002,1,2,4.1931,80548666,14.6054
201505,040002,0,3,6.3957,727990650,19.4453
201610,040002,0,3,7.7625,715314702,17.4019
201610,040002,1,2,3.6638,70709889,11.6502
201504,040002,0,1,10.2742,612759923,29.0861
201511,040021,0,2,11.7074,877884633,48.1882
201604,040002,0,1,10.9668,759246018,30.1959
201511,040021,1,1,4.4528,25468951,24
201606,040002,0,1,9.9749,1140393651,28.706
201501,5,1,3,3.6671,1228484105,8.879
201501,5,2,2,9.9652,870093,29.2633
201501,5,0,4,5.3666,81919416384,17.3589
201504,040036,0,3,7.8407,106896042,4.6553
201504,040036,1,2,3.1884,3876254,1
201602,040021,0,1,13.2754,534330427,46.2611
201509,040072,1,4,3.6934,3501545560,14.9636
201509,040072,0,5,5.9118,91670700,2.1819
201611,040002,1,5,3.49,80109651,49
201505,040014,1,1,4.9472,235032350,5.0162
201603,040072,0,2,10.5488,2419249081,24.6493
201611,040002,2,4,,249688,
201505,040014,0,2,8.7006,2033201418,25.5632
201505,040012,0,4,5.5115,16772527479,10.6052
201505,040012,1,3,3.8167,214574532,3.4242
201603,040072,1,1,4.9956,61018980,5.0452
201505,040072,1,2,3.6905,153676028,23.3427
201604,040002,0,2,10.7932,2215277894,29.6623
201604,040002,1,1,2.5865,25583952,7.7098
201604,040002,1,4,2.4391,1689579921,17.3765
201502,040044,1,2,3.1875,38127613,36
201505,040072,0,3,7.2587,1066644628,14.2864
201502,040044,0,3,6.3956,494412877,60.4065
201510,040012,1,1,4.2543,196950220,8.0235
201510,040012,0,2,7.5752,2502868829,14.4369
201607,040021,0,3,8.44,604006479,25.8405
201501,040014,1,1,4.9178,168946888,5.629
201501,040014,0,2,8.6491,2984606123,25.7491
201501,040012,0,4,5.2278,15739900979,9.7786
201509,040014,0,2,8.1207,2501967770,22.6765
201607,040021,1,2,4.1482,130557531,24
201502,040021,1,4,3.0228,5499104883,23.999
201610,040072,1,5,4.04,75554800,3
201601,040021,1,5,3.8342,37035952,17.4851
201502,040044,0,5,6.6726,1878621,3
201502,040044,1,4,3.053,678292275,29.1799
201512,040014,0,2,8.7897,2422628987,28.3425
201512,040014,1,1,5.3405,272634147,3.955
201512,040012,1,3,3.8112,318742554,3.5419
201512,040012,0,4,5.2972,26460877837,16.8735
201609,040044,1,1,4.7022,36338184,42.5187
201509,040002,1,4,1.267,5330457358,18.1685
201502,040014,1,4,2.3764,5073801092,8.9556
201607,040036,0,4,5.8912,3726629314,12.9074
201511,040072,1,4,2.7911,2570812709,27.7722
201505,040021,0,1,15.7193,398928558,43.827
201505,040021,0,4,5.2746,9902996669,23.9964
201502,040014,0,5,6.672,39465706,7.2101
201609,040044,0,2,8.2716,559284170,42.0464
201505,040021,1,3,3.9918,121396151,24
201606,040044,1,3,2.9676,109732453,25
201503,040002,1,4,1.0056,6484452265,12.9311
201612,040036,0,1,10.0471,54125000,27.1582
201504,040072,0,1,9.7172,878156116,19.4838
201606,040044,0,4,6.2835,5610956942,50.0175
201507,5,1,5,3.4964,595704188,22.9188
201507,5,1,2,4.1963,1326549251,12.3161
201507,5,0,3,6.9244,10265493274,14.2599
201507,5,2,4,,61134,15
201612,5,0,4,8.1123,1.49282E+11,29.7479
201612,5,1,3,4.4703,1052714543,6.663
201607,040036,0,3,9.9743,59173557,28.9801
201611,040036,1,2,3.6811,24013979,38.8993
201502,040012,1,2,4.0017,181761958,6.3934
201508,040002,0,4,4.615,9164124778,20.2152
201607,040036,1,2,4.441,74142076,53.978
201504,040014,0,2,8.6683,2396027984,27.6026
201504,040014,1,1,5.0247,244998899,7.1175
201504,040012,1,3,3.9498,288388861,4.5371
201508,040002,2,2,10,59,52
201509,040072,0,1,10.4379,991039973,18.5675
201504,040012,0,4,4.9908,24169578227,13.0197
201510,040044,0,1,6.4789,160854581,43.7032
201603,040021,0,4,6.4516,16396370140,24.0065
201603,040021,1,3,4.0751,156162349,24
201506,040072,0,2,9.0812,2871023501,29.1825
201502,040012,0,3,6.7171,1930108892,6.0014
201508,040002,1,3,2.8291,90622542,9.4497
201611,040036,0,3,10.2599,68443339,25.3061
201502,040014,0,1,9.1909,2585988622,24.8647
201506,040072,1,1,5.4194,13403174,5.464
201505,040014,0,1,9.2358,2366187609,29.4616
201505,040014,0,4,4.8792,20533291599,8.4537
201505,040012,0,3,6.6002,2139437590,7.3918
201505,040014,1,3,4.1094,246629932,5.578
201503,040014,0,3,6.9989,1885218531,12.9829
201503,040012,0,5,5.79,45059283,35
201503,040014,1,2,5.4766,301525468,8.1197
201505,040012,1,2,4.2108,191003031,6.5994
201503,040012,1,4,1.894,12081767694,17.7617
201510,040036,0,2,7.366,200806606,37.0899
201507,040012,0,1,9.5003,3664040960,27.9494
201510,040036,1,1,8,568417,9
201608,040021,1,4,3.4458,6631252457,5.8541
201610,040072,0,2,11.2607,2934528670,21.7992
201610,040072,1,1,5.26,9444350,6
201604,040036,1,5,5.03,7241890946,135
201605,040072,0,5,6.2176,126000000,63.9524
201605,040072,1,4,3.4276,6952580624,86.3403
201505,040021,1,1,5.1618,15395277,24
201505,040021,0,2,13.0877,645768457,40.9723
201611,5,1,1,5.016,850258151,11.2832
201510,5,0,5,6.4737,602226503,73.7691
201602,5,0,3,7.6391,9390496420,13.6823
201602,5,1,2,4.7872,1288149493,13.4316
201606,5,1,5,3.0989,17559498,13.2741
201510,5,1,4,2.261,50606219130,19.7205
201604,5,2,4,,38370,6
201611,5,0,2,10.5175,18256569153,25.29
201604,5,1,5,5.0049,7320900870,133.8343
201506,040014,0,1,9.0992,2780992804,28.8259
201506,040012,0,3,6.6791,2647962470,7.9634
201507,040036,0,4,5.8901,3312582643,22.3234
201605,040002,1,2,3.847,105460857,15.6263
201605,040002,0,3,6.9577,846409272,14.4875
201506,040012,1,2,4.6703,122585446,4.9292
201504,040012,0,1,8.8058,2719103924,22.4396
201501,040072,0,1,9.6338,731151708,16.7391
201507,040036,1,3,2.8849,1463621,6.0169
201502,040036,1,4,3.7519,401905754,12.1494
201509,040072,0,4,5.8833,7139689590,32.6116
201509,040014,1,5,2.83,15365462,12
201502,040036,0,5,6.4741,233911984,166.1921
201509,040072,1,3,3.6286,44956034,2.4584
201607,040044,1,1,4.0367,37260768,46.327
201502,040021,0,4,4.9889,12089317967,24.0157
201506,040002,1,2,2.5744,151352896,24.8825
201502,040021,1,3,3.9763,184538429,24
201607,040044,0,2,7.794,607260076,36.6213
201506,040002,0,3,6.3048,800241949,19.8728
201601,040036,0,3,8.2387,68113935,31.0617
201601,040036,1,2,5.6063,123254951,86.8954
201512,040014,0,4,5.037,22668155937,11.5518
201608,040014,1,3,5.4053,240617715,9.2247
201606,040036,0,3,8.8716,72101387,25.757
201510,040036,0,5,6.4689,159629084,194.0436
201606,040044,0,2,7.288,723932163,36.3811
201612,040036,1,4,5.154,971463183,17.846
201602,040002,1,3,3.3046,41403834,8.3198
201608,040014,0,4,6.1205,33288889211,17.8875
201512,040014,1,3,4.3929,500903855,4.2624
201502,040021,0,1,14.9972,448889843,38.1522
201606,040044,1,1,2.7325,15366992,50
201602,040002,0,4,5.5169,8728497247,18.5457
201602,040002,2,2,10,515,28.6311
201508,040072,1,1,4.7297,6525579,9.1327
201606,040072,0,1,11.6171,1246778893,24.9578
201604,040021,1,4,2.9747,7606542886,23.9954
201502,040036,0,1,15.487,47825164,41.4219
201508,040072,0,2,9.5081,2452552934,16.7482
201611,040014,1,5,3.7882,200919741,37.826
201611,040072,1,2,4.4508,62197021,16.0382
201611,040072,0,3,9.1187,993775937,11.6407
201605,040012,1,2,5.0456,235115008,19.8101
201603,040002,0,4,5.0484,14050547105,14.1984
201605,040014,0,1,10.9858,3423206252,38.4632
201605,040012,0,3,7.4088,2406253574,8.1235
201603,040002,2,2,10,84,5
201603,040002,1,3,4.1204,78009388,7.5031
201506,5,0,1,9.1682,12003363374,25.9209
201611,040012,0,1,10.702,3465567966,20.5994
201608,040021,0,4,6.7853,11588233075,5.3745
201608,040021,1,3,3.9647,123678066,2.7291
201609,040072,1,1,5.4307,7227164,12.1253
201507,040021,0,1,14.8942,490966741,50.1564
201611,040044,1,4,3.2922,3342886298,47.4004
201511,040012,0,1,8.99,3440873861,23.4814
201501,040036,0,2,8.362,185374759,41.9195
201609,040072,0,2,11.032,2872835502,21.3699
201507,040002,1,3,2.8227,285842458,20.008
201607,040044,0,4,6.433,6015022728,44.4058
201507,040002,0,4,5.1997,6371477273,15.9627
201607,040044,1,3,4.0253,41175407,28.9215
201609,040002,2,2,10,137,28.2263
201609,040002,1,3,3.1705,159715279,15.0595
201609,040002,0,4,6.1073,15632127225,25.8184
201509,040036,0,2,7.7816,175005692,40.2752
201506,040021,1,3,3.9317,129571564,24
201605,040036,0,2,7.7491,188559559,31.8495
201601,040044,0,1,6.3555,250677088,29.4069
201501,040021,0,1,17.4505,374531158,41.0568
201506,040021,0,4,5.6294,10525968234,24.007
201606,040036,0,4,6.4286,6060307847,30.6065
201612,040072,1,5,4.24,20619400,1
201506,040072,0,1,9.686,1063966865,19.9765
201501,040012,1,1,3.1681,215635169,4.2078
201606,040021,1,2,4.6705,53728441,24
201601,040036,0,5,6.9601,139373775,190.3884
201503,040072,1,1,4.8666,17684228,10.0098
201509,040012,0,2,7.5825,2652253179,14.9636
201501,040012,0,2,7.4339,1970730579,12.6042
201601,040036,1,4,4.2973,10266929632,22.4682
201509,040012,1,1,3.6143,276481187,33.4368
201503,040072,0,2,9.2911,2620801478,16.7118
201606,040021,0,3,7.6353,757180444,25.1379
201611,5,1,5,3.8529,409201070,38.8799
201509,5,1,3,4.0122,1279402736,9.7253
201611,5,2,4,,249688,
201509,5,2,2,10,451,11
201504,5,1,1,4.2263,710245587,10.7012
201504,5,0,2,8.6822,16230928977,20.3651
201509,5,0,4,5.6217,1.023E+11,20.1702
201604,5,0,5,6.0253,7259467418,236.2242
201604,5,1,4,3.1505,34587532423,27.0295
201602,040002,0,1,10.2297,763353008,31.5882
201601,040021,1,1,5.108,26925017,23.4531
201601,040021,0,2,11.3336,812355452,43.9964
201610,040021,1,4,3.8149,5058801330,24
201601,040012,1,2,4.5692,132764391,4.5411
201606,040021,0,2,10.9477,973231647,48.0197
201601,040014,0,1,10.326,2215291781,30.1392
201601,040012,0,3,6.9359,2214240443,8.1863
201606,040021,1,1,5.5836,25754832,24
201508,040002,0,1,10.1755,651198103,24.4767
201605,040002,1,5,2.9108,75121122,46.5459
201608,040012,0,3,8.0003,2087084917,7.1297
201612,040044,0,4,7.68,9760334762,47.3785
201603,040014,1,2,5.5654,275593933,5.7637
201601,040021,1,4,3.5074,10469133714,22.8388
201608,040012,1,2,5.5993,195850215,14.7389
201603,040012,1,4,2.6718,9506318440,29.5602
201612,040044,1,3,4.2719,29388944,22.6736
201608,040012,2,1,9.2618,7999572,62.6923
201608,040014,0,1,10.8899,3057551304,34.3489
201503,040072,0,4,6.3611,8215639152,45.9051
201603,040014,0,3,7.5955,1458012555,25.0236
201503,040072,1,3,3.0577,135045557,2.2592
201501,040014,1,2,5.1446,307293941,7.8835
201501,040012,1,4,1.564,9757443859,9.0583
201604,040021,0,2,11.6264,835576884,47.178
201607,040021,0,2,11.3446,840443261,45.9702
201609,040036,1,3,3.56,30422832,6
201506,040014,0,4,5.2882,18937215303,15.6963
201601,040044,1,4,2.4529,2199673003,50.1383
201607,040021,1,1,5.7922,24724567,24
201506,040014,1,3,4.0767,410098536,4.2358
201609,040036,0,4,6.5795,5165436221,14.9138
201604,040021,1,1,5.645,6344202,20.4801
201601,040044,0,5,6.56,442250763,1
201501,040002,1,4,1.625,6923865382,15.0956
201501,040014,0,3,7.095,1303463852,11.1113
201606,040036,1,2,5.1625,103964509,30.3689
201609,040036,0,1,8.7655,37776146,38.5925
201512,040012,1,5,4.77,447795051,119
201510,040036,1,4,5.8674,1063930122,50.3172
201612,040036,0,5,9.08,21855622,200
201502,040036,1,1,3.7,4486590,24
201604,040044,0,2,6.9897,522570201,68.767
201604,040044,1,1,2.3419,34083168,42.3379
201612,040036,0,2,9.8395,152066120,32.207
201507,040036,0,1,10.4253,87963002,39.3947
201502,040036,0,2,9.2149,139517649,35.3784
201511,040014,0,5,6.32,42918867,153.5685
201511,040014,1,4,2.9655,3830893740,11.1342
201602,040072,0,1,18.4508,1310971821,48.5216
201510,5,1,1,4.8349,707394570,16.3434
201612,5,0,2,10.6855,21982162685,22.9465
201511,5,1,1,4.3558,638707164,8.143
201510,5,0,2,8.5959,18969037844,20.5629
201601,5,0,5,6.6689,656796227,107.5309
201511,5,0,2,8.607,18985108772,20.2696
201605,5,1,3,4.2291,1284150789,8.3993
201601,5,1,4,3.1535,56793525035,30.6078
201612,5,0,5,8.9614,202478985,58.3527
201612,5,1,4,3.4487,47521351139,20.0763
201605,5,0,4,6.2968,1.15483E+11,22.2453
201612,5,1,1,4.6548,773781607,10.9409
201508,040021,0,3,6.8547,775730962,25.9311
201506,040044,0,4,5.3206,5534137676,36.0361
201602,040012,0,1,9.81,3627523330,25.1909
201506,040044,1,3,3.8317,94499620,15.0226
201604,040072,0,3,8.0882,989441432,15.7197
201508,040021,1,2,4.2096,147006658,23.8375
201604,040072,1,2,3.9269,149108522,4.059
201604,040014,0,2,9.396,2109750250,24.8992
201604,040014,1,1,5.3662,255831156,4.3074
201604,040012,0,4,5.8766,23662154532,14.2321
201604,040012,1,3,4.1785,283068493,5.6564
201603,040044,0,3,6.9374,584572054,41.9609
201603,040044,1,2,3.261,94722151,59.1973
201507,040002,0,2,10.5771,2243202192,26.108
201503,040044,0,3,6.3709,562014265,42.6242
201510,040072,1,1,5.3967,4544210,2.1273
201603,040002,1,4,2.6588,2277026644,59.1507
201510,040072,0,2,9.5167,2778056663,19.6103
201503,040044,1,2,3.1566,65885122,48.0381
201507,040002,1,1,1.5562,45903338,8.2726
201605,040021,0,1,13.9672,496368892,53.3256
201606,040014,1,5,3.17,16782732,13
201511,040036,1,2,5.3127,68931017,134.0408
201511,040036,0,3,9.4414,106896698,59.9273
201503,040036,0,1,12.9496,78652987,31.9908
201608,040044,0,1,8.0308,200331004,36
201604,040002,2,2,10,65,41
201506,040036,0,5,6.4994,147619467,197.0072
201602,040036,0,4,5.7828,4432767733,16.0625
201506,040036,1,4,5.4257,1522731283,20.3356
201604,040002,1,3,3.7268,45489054,7.9609
201602,040036,1,3,6.3516,5609823,9.9206
201604,040002,0,4,5.3944,8454692222,19.5288
201612,040021,1,4,4.0159,8290231692,24
201611,040072,1,1,5.2598,10829496,26.6127
201601,040072,1,1,4.9441,18981775,15.5444
201505,040036,0,2,9.2946,288469699,39.9083
201505,040036,1,1,2.91,9474788,8
201507,040014,1,5,2.8081,32570919,12.6299
201502,040002,2,4,,40329894,20
201611,040072,0,2,11.3301,2617256559,18.4887
201601,040072,0,2,9.4341,2306605536,16.144
201506,5,0,2,8.5433,18541689241,21.5222
201608,5,0,2,9.7441,21925162639,23.3632
201506,5,1,1,4.235,621233814,7.5374
201608,5,1,1,4.7674,709815604,12.0843
201610,5,0,2,10.2478,20672404131,24.6618
201610,5,1,1,4.5965,821222444,8.1962
201504,5,1,2,4.337,1241465700,11.5353
201508,5,1,5,3.5686,1128054389,63.472
201504,5,2,1,10,10,12
201608,5,1,4,2.7939,45192408211,22.4042
201608,5,0,5,7.6993,1075656700,174.4262
201504,5,0,3,6.9389,9458887905,11.6371
201503,040072,1,2,3.8054,122146357,3.6363
201503,040072,0,3,7.051,1255504785,7.8422
201611,040036,0,5,8.6,17202116,201
201611,040036,1,4,5.6804,9325726351,74.225
201505,040044,1,2,3.4354,23850593,40.0403
201607,040036,0,1,9.0987,68339653,62.9146
201505,040044,0,3,6.3349,571772598,35.1784
201505,040036,0,1,14.8388,50182833,42.5428
201602,040036,1,1,3.94,5430600,12
201612,040072,0,4,8.4441,16320249894,85.8932
201612,040072,1,3,3.8373,58301198,2.5081
201502,040014,1,5,2.75,50974052,21.2
201602,040036,0,2,7.675,239374212,33.279
201504,040072,1,1,4.9772,16730232,2.5237
201602,040044,0,4,6.2933,4488570382,56.0756
201509,040012,1,5,2.73,499855910,35
201602,040044,1,3,2.9643,111460695,
201606,040014,0,1,10.6859,3286862403,36.656
201509,040014,0,4,5.6096,24214190214,19.4512
201606,040012,0,3,7.3742,2194011601,6.93
201504,040072,0,2,9.2471,2421004350,16.4489
201606,040012,1,2,4.2102,233016045,9.8234
201609,040072,1,5,4.516,13593576,19.6305
201509,040014,1,3,4.4379,426028966,9.1698
201506,040036,1,3,2.23,3218832,11
201601,040072,0,4,6.2145,7147799762,27.2046
201506,040036,0,4,6.2241,3746474788,19.3629
201601,040072,1,3,3.8384,140667106,3.8553
201506,040012,1,3,4.409,326697410,4.4861
201610,040014,1,5,2.84,88228103,24.7755
201506,040014,0,2,8.4842,2333406933,24.8835
201603,040044,1,4,2.2167,1901881315,51.8938
201506,040014,1,1,4.663,163442061,5.0966
201506,040012,0,4,5.5499,19632463613,21.3258
201604,5,0,1,10.4153,11511812310,27.1246
201609,5,0,2,9.8976,22492896089,25.6626
201609,5,1,1,4.8392,866004476,10.0826
201601,5,0,3,7.0608,9047381446,12.7548
201601,5,1,2,4.8688,1375534556,18.0805
201605,5,1,5,3.696,361898864,29.9478
201601,5,2,1,10,22,9
201603,040044,0,2,7.3385,660321609,46.3281
201605,040044,1,4,2.4354,2319768441,38.6719
201603,040044,1,1,5.6188,13611132,36
201608,040002,1,3,2.9787,124803481,14.5703
201501,040014,0,1,9.3461,3180556416,29.1223
201501,040012,0,3,6.7264,1963579921,6.0872
201608,040002,2,2,10,182731,8.6778
