cve_periodo,cve_institucion,cve_estado,cve_TEC,dat_id_credito_met_cnbv,dat_rfc,dat_responsabilidad_total
201611,40131,19,1,1888,1771,313363168
201611,40112,11,4,441,8,394471270
201611,40113,15,3,18,13,149310104
201611,40133,14,4,2,2,53824000
201611,40136,22,1,5,4,2403038
201611,40133,16,2,1,1,83781
201611,40012,25,1,3005,2254,998230334
201611,40014,22,2,376,215,725979899
201611,40036,31,4,57,9,664625086
201611,40113,17,1,2,2,14066135
201611,40058,29,4,1,1,10046603
201611,40132,15,4,31,12,1165336194
201611,40058,31,2,51,28,162459402
201611,40036,3,3,2,1,95634
201611,40132,22,3,2,2,9089644
201611,40110,999,4,4,3,387691880
201611,40137,21,1,3,3,9979971
201611,40002,11,2,1895,1539,1483441538
201611,40138,19,2,440,14,102433350
201611,40133,15,3,2,2,11793213
201611,40002,12,1,146,123,85082368
201611,40014,23,1,1116,775,856247814
201611,40131,24,2,5,5,68704
201611,40030,28,1,221,71,143265516
201611,40112,999,3,1,1,12218159
201611,40058,26,4,60,22,792534932
201611,40036,32,3,1,1,114722
201611,40002,14,2,3418,2727,3124836306
201611,40021,15,3,103,37,299092863
201611,40143,23,3,4,2,36754803
201611,40030,6,4,23,8,423261538
201611,40014,32,2,186,109,273161966
201611,40147,26,4,1,1,11347655
201611,40145,28,4,2,2,13194475
201611,40062,28,4,32,5,45650860
201611,40062,30,2,5,3,2714938
201611,40138,26,4,10,7,155598863
201611,40058,16,3,11,9,75039054
201611,40112,22,2,1,1,830800
201611,40131,30,2,2,2,170866
201611,40132,25,3,2,2,39836411
201611,40002,29,1,44,34,51741728
201611,40136,8,4,1,1,45181041
201611,40113,25,2,55,44,127805255
201611,40062,23,2,18,2,8780622
201611,40147,27,2,2,2,7590506
201611,40131,8,1,184,181,10597206
201611,40002,28,2,918,770,586352649
201611,40058,17,2,4,2,16254940
201611,40060,10,1,6,1,336368
201611,40131,28,1,406,393,8848781
201611,40136,30,2,1,1,10263
201611,40150,19,4,11,5,260737011
201611,40042,11,3,1,1,341467
201611,40147,26,3,2,2,23735685
201611,40014,3,4,42,8,1576491208
201611,40137,32,2,2,1,2858054
201611,40012,7,2,467,244,319394018
201611,40147,28,4,3,1,29213882
201611,40138,28,2,13,2,723979
201611,40136,31,1,3,3,5186219
201611,40113,20,2,3,3,3485055
201611,40002,4,2,261,232,114633504
201611,40021,20,2,229,85,54496039
201611,40021,14,5,3,1,152311353
201611,40150,21,3,10,4,47623547
201611,40072,4,2,144,102,98431403
201611,40021,18,4,3,2,56285
201611,40150,22,2,15,6,83309142
201611,40021,19,3,654,25,164053524
201611,40150,23,1,2,1,2365189
201611,40021,17,2,193,77,25493640
201611,40060,19,3,1,1,11657506
201611,40110,14,3,1,1,44234519
201611,40030,16,1,1393,406,1223588124
201611,40112,7,2,1,1,10020238
201611,40014,16,2,534,318,666005631
201611,40112,5,4,13,4,488915895
201611,40012,16,4,353,51,4372678052
201611,40044,32,4,2,1,14975333
201611,40113,8,4,18,7,153390877
201611,40112,8,1,1,1,0
201611,40036,6,3,4,3,408120
201611,40014,15,3,208,98,910937498
201611,40021,1,1,418,170,28137372
201611,40062,10,3,3,2,5904682
201611,40021,28,3,52,13,53731301
201611,40058,5,2,493,275,970127279
201611,40062,12,1,81,43,19170174
201611,40036,8,1,384,335,41517498
201611,40059,4,4,1,1,20105515
201611,40072,9,3,583,300,1482541735
201611,40072,10,2,455,237,347239271
201611,40058,14,3,108,54,334603777
201611,40147,31,2,3,1,11390596
201611,40059,15,3,7,6,74012553
201611,40072,22,3,28,22,81814965
201611,40058,10,4,55,14,492310092
201611,40012,4,3,11,3,63196557
201611,40058,15,2,159,102,432054034
201611,40012,6,1,1265,919,492700104
201611,40058,13,4,6,4,89397743
201611,40147,30,3,1,1,38034370
201611,5,25,2,7244,2695,7819221443
201611,40058,11,3,31,16,84029626
201611,40145,19,2,107,91,551048359
201611,40154,21,1,1,1,5939916
201611,40113,10,1,35,32,31297840
201611,40113,8,3,5,4,23222055
201611,40113,6,2,8,7,31337995
201611,40036,4,1,58,50,4374405
201611,40145,8,4,1,1,50011561
201611,40002,20,3,7,5,16745547
201611,40145,9,3,6,5,28215423
201611,40113,7,1,105,92,96345880
201611,40062,2,4,26,3,154565746
201611,40154,20,2,1,1,2040978
201611,40072,2,3,115,44,106225961
201611,40113,5,3,5,4,13411485
201611,40036,30,4,41,11,671822622
201611,40147,18,1,10011,3343,108512499
201611,40044,25,4,39,20,5046071450
201611,5,6,1,3721,1937,1686211503
201611,40030,26,2,357,116,337015676
201611,40154,18,4,1,1,15039504
201611,40113,27,1,74,68,115297171
201611,40150,3,1,10,3,42154496
201611,40044,13,1,4,4,23541062
201611,40113,26,2,85,58,247126536
201611,40044,9,5,6,2,1387907630
201611,40150,25,2,14,6,42516317
201611,40014,7,1,762,574,435199791
201611,40113,21,4,1,1,20136429
201611,40150,26,4,5,2,59154809
201611,40014,6,2,244,157,322597169
201611,40108,11,4,7,5,676430924
201611,40002,30,2,1876,1550,1253319609
201611,40113,1,1,9,7,2366662
201611,40152,2,3,2,1,34930685
201611,40108,22,2,1,1,3065918
201611,40150,24,3,7,2,27515681
201611,40072,26,2,681,372,561435957
201611,40014,16,1,1542,1087,1005078158
201611,40112,1,1,9,2,14512637
201611,40012,14,5,8,2,17722785
201611,40145,13,2,1,1,10002659
201611,40002,18,2,195,172,119378615
201611,40002,19,1,621,514,598158228
201611,40147,15,1,8,7,11950745
201611,40147,11,2,40,13,63953941
201611,40059,31,2,8,7,99412694
201611,40072,3,5,1,1,12585356
201611,40012,17,2,356,193,264208673
201611,40062,10,2,33,12,6849712
201611,40113,4,1,32,27,67552260
201611,40058,30,2,53,34,164659788
201611,40150,15,4,1,1,0
201611,40136,2,3,2,2,6569
201611,40138,1,2,4,3,32720150
201611,40112,14,3,16,3,37271815
201611,40150,26,2,2,2,4401490
201611,40012,14,4,10212,173,15330111483
201611,40042,19,1,11,8,22740453
201611,40072,8,2,1122,577,979792733
201611,40106,31,4,1,1,508047201
201611,40044,20,2,3,3,6482578
201611,40012,10,2,359,153,393863942
201611,40138,25,4,14,6,141022730
201611,40154,7,1,2,1,45897583
201611,40014,15,1,3250,2510,2476253524
201611,40072,9,1,5169,3863,3103908946
201611,40113,17,3,1,1,415720
201611,40112,15,2,13,6,25559986
201611,40014,14,2,1997,1202,3505879154
201611,40154,24,1,6,4,10927691
201611,5,3,1,3204,2023,1045519256
201611,5,2,2,5214,2308,4936171262
201611,40113,32,2,25,16,66097030
201611,40012,21,1,8469,6222,2488465888
201611,40014,9,5,51,10,1568665238
201611,40037,25,1,1,1,9962151
201611,40012,13,3,29,12,44711509
201611,40030,17,2,216,38,183982536
201611,40037,21,5,2,1,1963616081
201611,40102,31,4,1,1,26220465
201611,40021,23,1,786,361,125734143
201611,40030,22,3,58,15,172749972
201611,40014,10,4,100,17,640184297
201611,40112,30,1,9,1,5021709
201611,40012,24,1,3231,2447,877989778
201611,5,31,2,3094,1325,3276502288
201611,40072,19,3,386,194,952041494
201611,40044,28,3,7,5,69368083
201611,40145,2,2,3,3,29127918
201611,40133,5,4,5,1,123663538
201611,40072,21,1,591,483,387092882
201611,40145,3,1,1,1,4601351
201611,40147,1,1,7,4,49923569
201611,40102,25,2,1,1,19630679
201611,40072,18,4,6,4,3506706
201611,5,32,3,218,34,362583655
201611,40058,30,4,3,2,105145667
201611,40138,11,1,4,3,59883729
201611,40113,11,2,20,15,67615965
201611,40145,22,1,1,1,1100384
201611,40108,11,3,1,1,9440632
201611,40058,20,1,1,1,149922
201611,5,20,2,2255,1269,1426190279
201611,40030,17,3,8,3,43562319
201611,40058,26,1,234,181,187704771
201611,40145,19,1,35,27,147299995
201611,40059,19,3,3,3,18059100
201611,40002,5,4,507,25,2046173010
201611,40062,2,2,46,29,44140678
201611,40058,23,4,6,4,212408849
201611,40058,25,2,285,159,539513856
201611,40112,6,4,1,1,100607573
201611,40131,30,4,1,1,12852
201611,40058,20,2,4,3,11713270
201611,40002,5,3,58,38,302956946
201611,40058,19,3,394,192,1571413401
201611,40021,15,2,1162,541,560521560
201611,40154,29,2,1,1,12240154
201611,40002,4,4,4,3,59275685
201611,40002,999,2,3,3,10879460
201611,40132,29,4,3,1,77792681
201611,40062,9,2,630,257,436125248
201611,40062,10,1,12,11,3680766
201611,40062,4,4,11,2,102728535
201611,40036,11,1,463,422,39378798
201611,40021,7,4,2,2,50412
201611,40072,21,3,54,37,143406787
201611,40058,9,1,996,671,1222424055
201611,40072,23,1,431,360,106742257
201611,40150,27,2,7,4,29910736
201611,40037,15,1,3,2,2758045
201611,40014,999,4,16,4,2394998887
201611,40062,17,2,69,23,33790294
201611,40108,21,4,1,1,500736875
201611,40147,2,1,20,12,36753410
201611,40072,22,2,529,353,359447997
201611,5,15,2,16894,7388,14644648537
201611,40002,5,2,937,771,602656404
201611,40014,10,3,33,16,92878239
201611,40044,15,4,86,51,5760700578
201611,40030,14,4,560,84,6290088160
201611,40002,29,2,131,114,74259634
201611,40036,23,1,181,169,38101158
201611,40060,24,2,16,8,76978831
201611,40062,29,2,1,1,412024
201611,40059,25,4,2,1,95895602
201611,40044,25,3,19,11,198923413
201611,40014,12,1,952,700,472217479
201611,40058,22,3,4,3,46705713
201611,40044,24,4,19,8,1043764265
201611,40062,28,3,28,4,14470550
201611,40062,30,1,7,3,2117246
201611,40136,30,4,1,1,9149029
201611,40059,23,3,5,4,88029032
201611,40044,17,2,11,5,90303673
201611,40133,11,4,6,2,162256338
201611,40044,5,3,18,10,96193240
201611,40131,16,1,205,198,3372705
201611,40044,6,2,5,4,31118470
201611,40133,13,2,2,2,554293
201611,40136,16,4,2,2,6176572
201611,40113,1,2,16,13,12320768
201611,40113,23,3,1,1,157496
201611,40042,2,4,1,1,14045401
201611,40042,1,2,6,5,23010867
201611,40044,2,3,20,10,130731425
201611,40112,25,4,21,7,247609252
201611,40012,20,4,358,10,618284899
201611,40014,18,4,6,2,189095280
201611,40021,1,2,155,64,44987652
201611,40062,12,2,95,27,28961996
201611,40012,31,2,368,207,433201869
201611,40021,2,1,988,490,88503005
201611,40072,17,2,209,143,180487190
201611,40137,8,2,3,2,2062878
201611,40058,30,1,115,87,38536406
201611,40150,30,4,5,1,28040935
201611,40021,31,1,1384,511,160023800
201611,40138,7,2,2,2,48673173
201611,40147,29,2,4,2,10295627
201611,40147,28,3,1,1,7444697
201611,40072,16,3,33,21,138871756
201611,40150,30,1,2,2,5523331
201611,40059,28,4,1,1,29767
201611,40143,26,1,1,1,197490
201611,40002,27,1,209,168,159949900
201611,40058,28,3,54,30,288551571
201611,40021,28,1,1145,534,147528525
201611,40113,28,1,617,515,349375785
201611,40136,10,1,1,1,101664
201611,40113,25,4,22,10,924765018
201611,40021,30,2,807,175,111813533
201611,5,14,1,34717,21567,14137482963
201611,40021,27,2,290,149,88261044
201611,40138,8,1,6,2,19132518
201611,40112,31,1,3,2,422454
201611,40002,20,2,1039,793,431097062
201611,40113,26,3,8,5,39468043
201611,40059,31,1,3,3,47992580
201611,40012,15,2,4767,1515,2638933390
201611,40044,17,4,4,4,119033465
201611,40030,12,2,31,15,14734412
201611,40036,19,1,266,224,56440934
201611,40014,13,2,226,143,275327616
201611,40138,24,4,4,2,100906423
201611,40012,16,1,7875,5817,1856220754
201611,40154,30,3,1,1,2898235
201611,40036,18,2,14,11,3578586
201611,40044,13,2,9,7,41470237
201611,40156,23,4,3,3,95542341
201611,40044,20,1,13,9,1904406
201611,40147,23,1,6,1,51610
201611,40102,17,1,1,1,9198270
201611,40102,14,1,3,3,32912511
201611,40108,14,4,1,1,144181139
201611,40132,28,4,1,1,15102508
201611,40059,19,2,9,8,19805304
201611,5,15,3,2550,365,5837993599
201611,5,17,1,5166,3302,1608978972
201611,40133,30,1,4,4,7844473
201611,40062,27,2,3,2,2220560
201611,40132,8,4,9,2,202461719
201611,40060,14,1,270,161,454085167
201611,40060,11,4,1,1,1668208
201611,40131,30,3,1,1,26830
201611,40062,28,1,290,104,66509839
201611,40136,32,4,1,1,4048308
201611,40002,24,2,697,566,439189024
201611,40138,13,1,2,2,854868
201611,40138,30,4,224,4,102640282
201611,40072,26,4,160,37,1678106652
201611,40030,31,4,29,6,491535957
201611,40044,8,5,1,1,41071170
201611,40012,29,3,131,7,79010392
201611,40102,19,3,1,1,10006986
201611,5,16,4,26946,119,19674653366
201611,40128,3,4,1,1,60837499
201611,40110,15,4,3,3,195766094
201611,40044,10,3,3,2,12297540
201611,40044,11,2,26,15,148096987
201611,40102,21,1,1,1,9198644
201611,40002,30,3,136,60,617318711
201611,40002,32,4,3,2,64142296
201611,40030,11,4,2287,111,9331769363
201611,40014,27,3,45,21,234981237
201611,40112,17,4,1,1,30395984
201611,40042,9,2,210,154,1625944387
201611,40072,32,1,795,584,258852350
201611,40021,15,5,1,1,57440980
201611,40036,25,5,2,1,3990086488
201611,40072,3,4,42,14,1815972752
201611,40143,17,1,1,1,2059012
201611,40030,20,4,13,1,37697318
201611,40154,32,2,3,3,7737838
201611,40145,28,2,1,1,5001260
201611,40147,26,2,19,9,197267905
201611,40112,19,1,78,6,89109380
201611,40030,22,2,857,139,636474355
201611,40102,9,2,48,39,370061940
201611,40137,25,1,3,3,4690982
201611,40002,11,4,175,56,5935052464
201611,40021,13,3,2,2,2538423
201611,40131,23,1,82,80,1150657
201611,40072,28,1,1268,868,624210944
201611,40062,29,1,1,1,1
201611,40012,7,4,272,27,1149906945
201611,40062,26,4,3,1,5400000
201611,40044,20,4,7,4,268330304
201611,40002,13,2,788,665,493596549
201611,40044,23,1,8,5,18414590
201611,40044,22,2,24,17,118840975
201611,40072,25,4,257,43,4857082799
201611,40002,12,3,6,5,12335587
201611,40062,28,2,186,72,95788230
201611,40128,15,4,6,6,63119752
201611,40132,31,4,18,4,190567339
201611,40030,8,2,193,87,261287875
201611,40044,16,4,8,4,404140482
201611,40042,15,3,18,13,102962761
201611,40012,32,4,14,8,103453814
201611,40044,19,1,37,29,148670722
201611,40021,16,2,349,128,96175874
201611,40042,17,1,3,3,1325795
201611,40002,1,2,533,401,341107116
201611,40147,29,1,22,20,30745303
201611,40072,4,4,38,9,1101025253
201611,40145,14,4,12,6,73748779
201611,40059,30,3,5,5,38442932
201611,40072,7,1,957,738,370732595
201611,40012,15,4,9972,177,17510938217
201611,40150,12,4,3,1,10474868
201611,40150,15,1,1,1,4634589
201611,40147,14,2,6,2,17993215
201611,40154,21,4,1,1,55013710
201611,40143,11,1,5,3,9540443
201611,40072,6,2,197,122,155072225
201611,40014,13,4,54,11,1590233614
201611,40012,16,3,220,31,223702645
201611,40113,2,3,8,6,73003844
201611,40147,12,1,2,1,42085
201611,40021,23,3,12,6,21116464
201611,40138,2,4,1,1,36177696
201611,40042,19,4,11,7,711542237
201611,40060,22,1,1,1,12245854
201611,40002,3,2,562,458,271798788
201611,40042,22,1,5,4,43980440
201611,40030,17,4,1,1,20136677
201611,40136,24,4,1,1,39490
201611,40102,9,4,19,12,281967791
201611,40060,19,4,1,1,171367578
201611,40138,3,3,1,1,13654282
201611,40072,1,3,42,19,101074106
201611,40072,2,2,1100,536,1022171411
201611,40131,4,1,31,30,622928
201611,40036,999,4,95,18,27742455846
201611,40044,7,1,8,5,1393301
201611,40012,29,4,14,4,130956738
201611,40133,14,1,32,25,82382937
201611,40058,2,4,67,29,1313183092
201611,40059,6,1,1,1,1137255
201611,40113,1,3,2,2,1029957
201611,40131,11,1,410,392,6525929
201611,40072,17,3,15,8,26685543
201611,40156,6,3,1,1,10031231
201611,40147,9,3,9,2,30984710
201611,40036,16,1,260,246,20829514
201611,40060,6,1,3,2,501575
201611,40030,10,1,68,19,39161136
201611,40058,31,4,15,6,353198752
201611,40058,5,1,724,527,494702717
201611,40113,2,2,22,14,105941226
201611,40150,11,4,3,2,3932666
201611,40030,8,3,95,7,91424829
201611,40137,11,3,3,3,23431892
201611,40136,14,3,1,1,0
201611,40030,27,3,14,3,56170300
201611,40036,3,4,1,1,57927888
201611,40044,31,3,11,6,60117434
201611,40036,8,2,70,45,5197120
201611,40128,9,3,31,16,86141227
201611,40058,5,3,81,38,256566887
201611,40030,2,2,365,60,198876094
201611,40044,32,2,7,5,17424697
201611,40145,8,5,2,1,41036244
201611,40132,32,4,3,1,86779119
201611,40138,14,1,4,4,44218539
201611,40036,6,1,85,71,5924717
201611,40147,9,2,33,12,177235038
201611,40062,16,1,368,154,80415344
201611,40133,11,1,8,7,5248365
201611,40127,9,2,6,5,21944270
201611,40132,11,2,27,13,96816163
201611,40102,32,1,1,1,16870181
201611,40012,24,4,728,26,2331473407
201611,40145,14,3,12,5,25093081
201611,40044,7,2,1,1,40650913
201611,40058,11,1,440,314,403144837
201611,40030,30,1,186,80,313018731
201611,40137,15,2,6,6,59010407
201611,40143,9,2,41,32,195292054
201611,40133,9,4,45,28,2891636529
201611,40058,6,3,4,1,2569777
201611,40145,15,2,5,4,19680781
201611,40058,5,4,65,30,1156826171
201611,40059,9,4,81,64,4094589433
201611,40014,2,1,1628,1188,1118230746
201611,40143,30,4,1,1,9263138
201611,40014,25,1,1379,1034,1239194296
201611,40147,5,1,1,1,20295109
201611,40058,9,3,142,87,628336934
201611,40060,21,4,2,1,0
201611,5,27,4,802,39,4244838640
201611,5,2,3,855,124,1504821527
201611,40108,32,2,2,2,53372867
201611,40062,13,3,1,1,1757000
201611,40136,22,4,2,2,10060372
201611,40072,13,2,188,128,214279590
201611,40147,15,2,25,6,56001536
201611,40002,7,3,25,16,105163206
201611,40112,32,3,4,1,1356315
201611,40072,11,4,44,31,1397675924
201611,40136,24,2,1,1,20141779
201611,40062,9,1,688,317,378346428
201611,5,29,2,700,238,362165221
201611,40132,19,3,5,4,24220582
201611,40143,11,2,3,3,8092435
201611,40030,31,1,11,6,5897501
201611,40136,30,1,1,1,9923
201611,40014,7,3,36,18,89512117
201611,40014,6,4,37,12,705304397
201611,40133,24,2,6,5,26304333
201611,40150,24,4,20,4,108095610
201611,40044,18,4,2,1,245755788
201611,40044,19,3,24,18,391265638
201611,40133,25,1,9,9,10397401
201611,40128,24,2,1,1,1611685
201611,40012,8,4,24045,67,7267678026
201611,40044,21,1,27,23,58643809
201611,40138,28,1,138,3,31363828
201611,40014,18,2,131,81,148394239
201611,40012,22,3,237,27,211997503
201611,40014,20,3,17,11,38043686
201611,40059,26,4,1,1,60315968
201611,40058,25,4,87,35,958483656
201611,40030,21,4,197,13,713416249
201611,40012,20,2,216,138,132130459
201611,40014,19,4,893,194,32684459398
201611,40012,18,4,18,7,1076070729
201611,40036,24,1,154,137,57584031
201611,40014,13,1,747,546,511821154
201611,40152,21,2,2,2,20429259
201611,40072,5,3,127,47,413254476
201611,40102,4,2,1,1,10064578
201611,40150,14,2,8,6,49064800
201611,40152,19,4,112,54,2391501671
201611,40143,5,4,2,2,220110740
201611,40062,9,3,95,36,159379755
201611,40058,29,3,2,1,10035862
201611,40147,9,4,13,4,99585094
201611,40058,28,4,80,30,1215590567
201611,40156,16,3,1,1,0
201611,40014,14,3,303,119,927950112
201611,40002,17,3,9,6,83773452
201611,40021,30,4,1215,30,4785908247
201611,40152,25,2,2,1,3848916
201611,40014,22,5,9,1,478054215
201611,40147,19,1,8,3,48134
201611,40154,27,2,4,4,6067186
201611,40021,32,2,107,45,54665268
201611,40143,15,1,20,16,44929623
201611,40044,2,2,18,16,120227941
201611,40021,27,1,689,312,93640254
201611,40037,30,3,2,1,40989420
201611,40131,16,4,1,1,8969
201611,40030,25,1,847,319,514660923
201611,40012,23,3,38,13,90250850
201611,40030,22,4,131,18,1212359358
201611,5,4,4,232,34,8525186820
201611,40058,29,1,5,3,1928168
201611,5,7,1,5980,3838,2371870258
201611,40036,31,1,134,110,24705790
201611,40138,25,2,18,16,66858894
201611,40002,13,3,7,5,10650136
201611,40133,23,1,1,1,0
201611,40058,30,3,9,6,51039462
201611,40002,8,5,2,1,374123060
201611,40002,9,4,1095,363,75651735348
201611,40137,25,3,4,3,41055359
201611,40138,23,4,6,4,146353739
201611,40044,29,4,2,2,59098189
201611,40036,29,3,1,1,38161
201611,40137,24,4,2,1,32339396
201611,40131,25,1,184,182,2805562
201611,40128,13,2,2,1,3337382
201611,40059,30,1,4,3,25875843
201611,40036,4,2,7,6,747748
201611,40058,28,2,312,173,607557409
201611,40014,21,3,81,33,338972203
201611,40014,20,4,66,6,945274458
201611,5,1,1,5248,3056,2237618979
201611,40037,19,4,1,1,48562125
201611,40132,7,2,2,1,13287825
201611,40002,27,2,638,499,427946244
201611,40072,29,2,69,51,70024322
201611,40147,25,2,14,7,31324022
201611,40131,2,2,9,5,9876007
201611,40150,30,3,3,2,31784571
201611,40112,25,3,10,1,19044685
201611,40060,11,1,1,1,9589675
201611,40072,30,1,770,604,280048777
201611,40112,24,4,3,1,140442337
201611,40131,9,1,185,168,13817128
201611,40060,9,3,6,5,81330481
201611,40021,9,3,971,96,809954666
201611,40128,27,4,21,1,29999996
201611,40072,31,3,77,24,68459102
201611,40036,21,1,281,249,28575462
201611,40072,32,2,908,506,744516948
201611,40030,11,2,7209,999,3501174097
201611,40044,9,2,161,133,1200295053
201611,40143,22,1,1,1,62578
201611,40062,19,4,363,66,2913691724
201611,40021,11,4,526,25,3174677283
201611,40138,6,2,1,1,1398683
201611,40062,25,1,112,47,19213023
201611,40036,19,3,8,6,59164865
201611,40062,21,2,112,29,54632865
201611,40072,30,4,66,26,3628209395
201611,40036,999,2,1,1,0
201611,40021,999,1,28,7,3293205
201611,40108,19,4,7,5,1666041297
201611,40072,23,3,10,8,124524131
201611,40150,7,2,5,3,16051138
201611,40021,2,5,14,1,394745159
201611,40143,30,1,2,1,8454782
201611,40002,18,3,6,4,17942451
201611,40113,8,2,103,85,291031981
201611,40014,30,5,4,1,134074259
201611,40002,21,3,62,32,256214427
201611,40113,5,2,38,33,105432355
201611,40058,11,4,65,27,1071109583
201611,40143,999,2,2,2,82303584
201611,40112,25,2,14,2,33156755
201611,40030,1,1,334,94,174021474
201611,40058,14,1,1224,919,841265092
201611,40132,19,1,17,8,33421445
201611,40030,5,3,60,10,158820773
201611,40036,9,5,370,16,38594153663
201611,40072,22,1,524,428,208529201
201611,40059,999,4,6,5,1231543187
201611,5,14,2,21217,6962,19564390575
201611,5,999,4,159,47,38729334867
201611,40021,999,4,16,10,3789030468
201611,40072,20,3,20,12,23489181
201611,40138,16,4,3,2,14050925
201611,40059,23,4,13,8,624825384
201611,40042,25,5,1,1,160111728
201611,40059,24,3,3,2,6286492
201611,40132,15,3,29,8,63178465
201611,40152,24,2,2,2,62768935
201611,40002,9,5,2,1,694800100
201611,40021,26,1,1577,672,189821010
201611,40154,25,3,1,1,0
201611,40042,27,3,2,1,0
201611,40042,22,2,4,3,49465138
201611,40112,999,2,21,1,0
201611,40137,14,4,1,1,4002608
201611,40058,22,4,18,9,535574049
201611,40133,15,2,5,3,4724559
201611,40131,18,1,8,8,136989
201611,40106,30,4,1,1,115071674
201611,40136,19,3,6,4,67847281
201611,40002,11,3,82,43,547344694
201611,40021,17,4,1356,7,228940788
201611,40044,28,4,18,8,600943837
201611,40152,22,4,8,1,138047897
201611,40150,8,2,8,3,35976803
201611,40108,11,1,2,2,67722132
201611,40002,24,4,35,17,1115524993
201611,40002,21,1,401,325,443495392
201611,40002,22,3,33,19,263021762
201611,40152,9,3,3,2,11143341
201611,40147,30,1,52,37,48261030
201611,40059,30,2,2,2,34923147
201611,5,13,2,2158,1081,1754123794
201611,40002,23,2,404,326,274531510
201611,40060,4,2,2,2,7385334
201611,40154,10,1,2,2,3411892
201611,40112,28,4,6,2,624169712
201611,40154,13,1,2,1,479019
201611,40021,25,4,3008,28,3726831568
201611,40044,1,1,7,5,55933060
201611,40152,5,4,6,4,218902389
201611,40072,18,1,353,258,109308381
201611,40137,15,4,3,3,150219191
201611,40044,1,4,31,14,2228391105
201611,40014,20,2,207,129,182961328
201611,40136,19,1,8,5,37421030
201611,40112,19,4,8677,32,2945328695
201611,40138,15,3,278,2,33429775
201611,40044,4,4,1,1,5726139
201611,40113,30,2,41,36,105563473
201611,40131,15,2,20,7,9580603
201611,40012,21,3,529,56,570289532
201611,40113,24,2,24,16,9162874
201611,40021,5,1,1386,565,109285676
201611,40112,22,1,2,2,933496
201611,40030,32,4,1,1,2424853
201611,40150,7,4,2,1,6313553
201611,40036,2,2,46,27,23448427
201611,40145,14,1,3,2,1000210
201611,40145,15,3,2,2,2000699
201611,40062,11,1,68,25,17975635
201611,40145,11,4,3,2,31766466
201611,40002,16,4,46,17,1631071426
201611,40143,9,3,21,10,92666356
201611,40156,15,4,9,8,337504101
201611,40014,15,2,1470,903,2591290854
201611,40012,18,1,1689,1244,410600719
201611,40110,28,4,3,2,488223368
201611,5,999,1,173,129,49230237
201611,5,1,3,317,58,970960996
201611,40058,31,1,67,53,74782097
201611,40113,24,1,26,21,10076976
201611,40156,6,4,1,1,18499398
201611,40113,22,3,1,1,9002206
201611,40152,4,4,1,1,60106455
201611,40154,14,2,32,23,67397486
201611,5,19,5,4,2,1281156992
201611,40154,5,2,6,2,18107708
201611,40154,6,4,1,1,10668470
201611,40112,21,4,12,6,771313728
201611,40112,22,3,165,1,7122371
201611,40014,3,5,14,1,659099760
201611,40012,9,1,71013,49933,22968875195
201611,40059,20,4,4,2,141768930
201611,40058,21,2,39,26,100618186
201611,40012,6,4,1094,14,1785764819
201611,40059,23,1,1,1,10057761
201611,40058,22,1,290,227,198658455
201611,40112,19,3,20,5,19630875
201611,40014,4,4,35,9,1792756278
201611,40113,25,3,2,1,4272902
201611,40108,14,1,2,1,16290614
201611,40072,27,1,280,212,98229165
201611,40154,8,2,20,13,65356509
201611,40156,11,2,2,2,24476363
201611,40131,19,3,40,18,100550263
201611,40156,9,4,23,21,863692514
201611,40113,11,3,5,4,14948414
201611,40042,19,2,14,9,30856476
201611,40044,21,2,30,26,143786582
201611,40108,15,4,3,3,77311249
201611,40112,14,4,132,20,784198370
201611,40154,8,4,11,8,164815203
201611,40012,4,2,131,69,129264137
201611,40138,3,4,4,1,79834184
201611,40014,2,2,535,350,709922883
201611,40014,3,1,365,307,237359612
201611,40112,1,2,1,1,10032472
201611,40036,9,4,894,157,84906584898
201611,40150,4,4,8,1,24041008
201611,40014,25,3,120,51,563012225
201611,40154,16,4,3,1,74630338
201611,40012,27,3,103,23,130286293
201611,40012,28,2,546,298,492961518
201611,40036,10,3,14,3,39581197
201611,40014,23,2,275,175,428691077
201611,40152,14,1,3,1,35212807
201611,40037,10,4,1,1,208465293
201611,40113,4,2,15,10,146873830
201611,40058,8,3,40,24,108959967
201611,40036,12,1,94,82,6377881
201611,40036,11,2,127,98,85260953
201611,40072,14,2,3788,2020,3133772054
201611,40012,26,4,1133,55,3370486318
201611,40030,5,2,424,87,263452514
201611,40012,24,3,1029,24,183420308
201611,40113,32,1,79,79,35747490
201611,40128,13,3,13,1,20447431
201611,40156,14,4,11,10,461227169
201611,40152,19,3,45,27,233764538
201611,40014,3,3,32,4,27948037
201611,40042,1,3,2,2,3509847
201611,40014,26,3,103,35,428355097
201611,40012,28,3,503,42,294149068
201611,40044,32,3,3,1,35520306
201611,40014,31,1,860,633,686468219
201611,40128,6,4,1,1,17078247
201611,40014,28,1,1672,1239,1180092118
201611,40044,4,2,5,3,28476013
201611,40042,32,1,1,1,18788546
201611,40012,3,5,1,1,43595314
201611,40021,24,2,384,122,159820547
201611,40060,18,2,9,2,1097693
201611,40002,31,3,25,19,133496184
201611,40152,32,3,1,1,9006854
201611,40044,24,1,6,4,19406347
201611,40002,4,1,71,57,53960682
201611,40036,23,4,6,6,87602768
201611,40132,21,3,12,6,75138112
201611,40131,24,1,163,158,4757712
201611,40036,26,1,390,357,35146753
201611,40133,2,1,1,1,59227
201611,40014,19,3,274,115,986537209
201611,40138,14,4,5,3,118671504
201611,40012,23,1,1842,1289,621708269
201611,40021,2,4,201,25,1533353105
201611,40012,22,2,712,337,551147260
201611,40112,27,2,9,1,19086431
201611,40021,3,3,1,1,507247
201611,40014,27,4,30,7,902532994
201611,40150,10,1,1,1,8720061
201611,40012,32,1,2013,1569,509774658
201611,40014,21,1,1693,1261,1342333824
201611,40150,9,2,43,26,327935399
201611,40132,15,1,18,11,60509088
201611,40062,10,4,5,2,13504965
201611,40112,21,2,4,2,8442583
201611,40112,26,3,6,2,15130429
201611,40012,30,3,912,64,505991563
201611,40132,14,2,91,33,486278950
201611,40136,18,2,1,1,7145
201611,40021,4,2,98,57,78948966
201611,40044,4,1,1,1,26976219
201611,40113,31,1,134,118,278533412
201611,40113,25,1,133,105,185549679
201611,40113,2,1,11,10,19054557
201611,40138,16,2,1,1,665421
201611,5,999,3,21,6,43186702
201611,40113,28,4,10,7,205763898
201611,40150,8,3,2,1,1782900
201611,40021,999,3,10,4,4513032
201611,40037,3,2,1,1,1193186
201611,40014,30,1,2780,2124,1628637390
201611,40014,29,2,63,33,78822532
201611,40062,13,1,11,5,4200554
201611,40036,3,1,126,114,9764312
201611,5,10,2,1871,794,1796986787
201611,5,8,4,26953,179,23528730714
201611,40136,17,3,2,1,9529606
201611,5,9,3,11424,1128,16803089855
201611,5,11,1,22380,11144,8232898132
201611,40014,28,3,103,43,376457155
201611,40002,26,1,369,315,295265742
201611,40154,8,1,5,5,21251223
201611,40014,999,1,126,119,29768413
201611,40147,22,4,1,1,15464310
201611,40021,10,1,635,240,52937274
201611,40036,10,2,18,16,13618573
201611,40058,8,2,347,213,572011816
201611,40108,22,3,1,1,38587090
201611,40037,12,4,1,1,458121800
201611,40021,8,3,37,9,96365228
201611,40002,6,1,101,85,95299314
201611,40059,9,2,46,41,302850339
201611,40002,24,3,10,5,54484959
201611,40072,19,5,3,1,1272145197
201611,40102,5,2,2,1,10051205
201611,40058,23,2,33,18,61492025
201611,40014,11,2,918,538,1414392022
201611,40059,27,2,2,2,16673378
201611,40150,23,2,3,2,23513777
201611,40138,28,4,772,2,54126735
201611,40014,9,4,2900,504,92811322989
201611,40044,26,2,27,20,200020606
201611,40058,25,3,51,25,162237069
201611,40036,21,3,11,2,30326221
201611,40060,15,2,4,3,62404793
201611,5,26,3,822,114,1970594758
201611,40060,23,3,3,2,11295790
201611,40058,21,4,2,2,34830104
201611,40012,12,3,103,11,116711994
201611,40062,1,1,77,51,28011672
201611,40042,14,3,4,3,36558347
201611,40138,30,2,12,7,60582387
201611,40030,11,1,5904,990,1715314065
201611,40102,26,2,2,2,20299170
201611,40145,1,1,1,1,0
201611,40012,31,4,1375,35,2830973551
201611,40072,26,1,629,474,279939711
201611,40138,2,2,2,1,12800089
201611,40044,6,4,10,5,665523414
201611,40128,1,3,2,1,16789598
201611,40021,12,2,134,52,25040482
201611,40036,15,3,36,17,106187644
201611,40021,4,1,278,107,30004699
201611,40072,17,4,15,12,115305172
201611,40030,9,3,420,91,930584548
201611,40131,2,1,165,157,2258582
201611,40072,18,3,65,11,100088370
201611,40133,26,2,3,3,2883007
201611,40058,14,4,112,64,3280017940
201611,40012,9,5,14,7,4250732546
201611,40062,32,1,9,2,1399656
201611,40058,23,1,29,24,9452811
201611,40058,17,1,5,4,1329758
201611,40136,32,1,1,1,2016848
201611,40062,31,2,3,1,169941
201611,40014,11,1,2182,1556,1519222734
201611,40021,10,3,21,6,55505207
201611,40060,15,4,4,3,59069925
201611,40021,12,1,482,190,36620959
201611,40132,25,4,3,1,42871916
201611,40021,9,4,5819,276,60672699792
201611,5,32,2,2145,841,1866829230
201611,5,31,3,523,62,1145152402
201611,40145,14,2,4,3,10630585
201611,40145,24,1,1,1,20517781
201611,40154,21,2,10,9,20453081
201611,40021,22,3,129,8,51307498
201611,40108,1,1,2,2,33106870
201611,40044,28,2,24,19,76007481
201611,40042,26,2,1,1,156265
201611,40059,2,3,4,3,39151807
201611,40147,10,4,1,1,14297828
201611,40145,21,4,1,1,16412400
201611,40128,17,1,1,1,189163
201611,40156,15,2,2,2,30180272
201611,40002,15,4,334,140,15669822062
201611,40014,20,1,623,459,361295100
201611,40152,19,2,229,134,913870434
201611,40036,28,1,248,219,17975367
201611,40150,18,2,6,3,50138085
201611,40036,26,3,5,3,3825701
201611,40154,25,1,32,15,59023863
201611,40072,6,3,31,14,72410171
201611,40150,15,2,16,7,84916126
201611,40012,27,2,454,193,255905688
201611,40143,14,2,6,6,8251961
201611,40042,1,1,3,2,14956127
201611,40021,26,2,645,270,208602117
201611,40150,13,4,4,2,122149242
201611,40113,14,1,133,129,101474300
201611,40145,19,3,58,40,347778226
201611,40014,24,3,122,23,197051003
201611,40012,28,1,3371,2496,884818749
201611,40021,31,3,23,8,81654812
201611,40112,9,3,222,14,92987750
201611,40113,13,2,11,8,5697834
201611,40112,8,4,458,6,83860876
201611,40012,26,3,423,43,551345430
201611,40154,28,1,30,19,71404946
201611,40044,3,1,1,1,119289
201611,40072,999,2,3,3,295339
201611,40152,14,3,1,1,1510098
201611,40132,19,2,26,11,83825320
201611,40113,12,2,2,2,40974060
201611,40036,1,1,171,149,13932875
201611,40044,19,4,101,59,15531534608
201611,40136,21,4,8,7,234899219
201611,40133,1,3,1,1,10045897
201611,40014,1,3,33,18,89860479
201611,40150,31,1,11,8,42155739
201611,40133,2,2,1,1,1707886
201611,40138,5,2,18,2,5039170
201611,40012,5,1,4790,3125,1422682935
201611,40136,8,1,2,2,166830
201611,40012,3,3,190,8,76891700
201611,40112,15,3,11,5,39923035
201611,5,2,4,3608,154,21011683572
201611,40112,2,1,4,3,805542
201611,40014,27,1,705,531,637818834
201611,40147,30,4,11,3,97120693
201611,40072,12,4,9,7,287539731
201611,5,5,1,10986,6314,3887620466
201611,40150,7,1,2,1,4110112
201611,40150,1,4,1,1,8123054
201611,5,4,2,823,427,884386447
201611,40030,6,1,244,72,140186771
201611,40150,6,2,17,5,82294733
201611,40154,15,2,3,3,32007934
201611,40072,12,1,315,242,110172323
201611,40072,9,4,991,298,51833915956
201611,40062,22,2,63,30,19382710
201611,40128,9,1,37,23,177478124
201611,40112,28,2,3,1,7946137
201611,40030,3,2,83,17,73107237
201611,40145,9,2,23,14,53330683
201611,40014,5,1,1253,933,899089491
201611,40062,15,3,16,13,81256587
201611,40062,17,1,44,24,13344537
201611,40112,26,4,6,2,14754004
201611,40012,6,2,253,104,207345797
201611,40132,16,1,8,3,16475971
201611,40113,30,3,5,3,12571138
201611,40062,21,3,21,3,4308674
201611,40128,9,4,324,24,1247043754
201611,40060,7,3,8,1,25488556
201611,40014,30,2,933,573,1279395008
201611,40131,15,3,3,3,55768
201611,40044,31,4,42,16,1495342344
201611,40131,14,4,3,2,36062560
201611,40030,2,3,18,3,35567409
201611,40133,14,2,12,8,16872490
201611,40012,7,1,3001,2127,1000085131
201611,40132,14,3,6,4,57491268
201611,40014,2,4,123,34,1283607718
201611,40012,31,3,259,27,321817416
201611,40138,17,2,1,1,28375903
201611,40012,27,4,261,14,622165239
201611,40150,2,4,14,2,76761986
201611,40012,999,2,2,2,960474
201611,40014,27,2,203,144,299948000
201611,40021,2,2,481,177,139775166
201611,40138,25,1,7,5,48811522
201611,40044,22,3,15,9,190829592
201611,40021,25,1,793,369,81403897
201611,40132,22,2,33,8,81354384
201611,40133,19,4,16,7,1446950078
201611,40002,1,1,179,135,96177801
201611,40137,25,2,8,5,66623854
201611,40137,26,1,1,1,2154216
201611,40062,32,2,33,6,12223364
201611,40002,2,3,30,25,160127234
201611,40133,22,1,19,17,12831134
201611,40030,19,2,1611,322,1198132031
201611,40108,14,2,1,1,11079336
201611,40102,11,2,1,1,15994763
201611,40002,32,2,236,184,145371322
201611,40036,13,4,6,4,63199707
201611,40154,13,2,12,7,14908254
201611,40150,31,4,1,1,37174
201611,40152,10,3,1,1,3878600
201611,40060,3,4,2,2,145140603
201611,40021,29,4,19,4,365186158
201611,40058,32,3,2,2,6659955
201611,40131,8,4,1,1,10497
201611,40030,7,4,2,2,856566
201611,40058,4,2,1,1,1373661
201611,40037,14,4,1,1,123952146
201611,40136,14,1,1,1,23520
201611,40072,16,4,150,34,3214461258
201611,40021,31,2,600,245,170308565
201611,40154,14,1,35,24,69721517
201611,40147,8,4,2,1,24233298
201611,40044,1,2,18,11,83395713
201611,40059,5,4,4,4,166110803
201611,40131,11,3,1,1,10867
201611,40062,14,3,44,12,84781305
201611,40060,28,1,1,1,125976
201611,40030,3,1,52,21,33868936
201611,40042,28,4,1,1,19543256
201611,40036,32,1,65,63,8654768
201611,40137,14,2,6,6,30047951
201611,40037,7,1,1,1,69
201611,40133,31,4,6,2,215883510
201611,40030,30,3,73,11,159582680
201611,40030,31,2,46,14,72247779
201611,40037,4,4,2,1,42108938
201611,40036,7,3,2,1,49790
201611,40036,30,3,10,5,879145
201611,40030,24,3,98,14,180209195
201611,40058,4,4,6,4,216260865
201611,40138,11,4,4,3,61905132
201611,40012,3,2,150,100,88021522
201611,40014,23,3,32,12,98578609
201611,40133,11,2,6,3,47588295
201611,40012,25,3,879,42,297456907
201611,40132,9,5,3,1,152425709
201611,40138,15,1,91,3,2278015
201611,40147,13,2,7,6,3073604
201611,40012,4,1,984,689,358321449
201611,40143,32,2,20,1,7657063
201611,40042,6,1,2,1,4370818
201611,40042,5,2,3,3,15768386
201611,40154,14,4,8,3,107029440
201611,40132,11,3,17,2,8169473
201611,40113,999,4,2,2,478348713
201611,40147,2,4,3,1,19085243
201611,40131,13,2,5,5,56436
201611,40044,5,4,59,28,3221568709
201611,5,8,2,5245,2407,5815354945
201611,40132,12,2,2,1,5744538
201611,40145,4,4,2,1,15003468
201611,40059,9,1,15,14,106090730
201611,40030,28,3,27,11,62303954
201611,40012,2,3,234,35,329723194
201611,5,5,5,1,1,74623812
201611,40147,14,1,54,17,34723139
201611,40113,32,4,1,1,671275
201611,40110,999,2,1,1,0
201611,40030,16,2,1393,341,1606515743
201611,40072,23,4,50,25,5814788934
201611,40072,25,2,1260,739,1144776839
201611,40058,13,3,5,2,66464903
201611,40058,12,1,8,6,912686
201611,40014,32,1,234,173,156421559
201611,40132,32,2,1,1,4513745
201611,40072,24,3,39,25,114468310
201611,40012,30,5,4,1,266748813
201611,40030,10,2,72,18,95379620
201611,40021,13,1,369,198,45954740
201611,40106,21,3,2,1,1426244
201611,40037,15,4,3,2,590959995
201611,40059,14,3,6,6,48714190
201611,40058,12,4,2,1,62827703
201611,40108,19,3,2,2,46964580
201611,40012,32,3,86,20,85284870
201611,40014,29,4,11,7,395887294
201611,40021,1,4,1735,12,600276372
201611,40044,13,5,1,1,371920845
201611,40059,21,4,1,1,297545573
201611,40044,16,2,7,6,24512961
201611,40012,11,3,1095,60,434187526
201611,40014,8,4,262,60,3270963131
201611,40012,13,1,4459,3203,1326855050
201611,40044,15,3,20,17,270814044
201611,40014,10,2,197,117,326571797
201611,40138,27,4,7,2,88352698
201611,40012,12,2,301,129,125823763
201611,40060,18,1,4,1,329377
201611,40152,32,2,2,2,3022519
201611,40131,29,1,10,9,188380
201611,40012,10,4,183,22,2524723914
201611,40044,17,1,3,2,4139824
201611,40042,11,5,1,1,0
201611,40044,26,4,53,23,2142301491
201611,40012,19,4,47992,214,56261812206
201611,40060,32,2,5,2,9302640
201611,40058,2,2,352,205,591304400
201611,40002,16,3,25,16,241060758
201611,40128,15,3,12,6,49225314
201611,40150,16,4,1,1,3452287
201611,40058,32,4,11,6,126231744
201611,40147,13,1,29,20,2622384
201611,40021,21,4,681,34,2683813269
201611,40060,31,3,11,2,25123084
201611,40150,19,1,2,2,13941518
201611,40156,13,4,2,2,71476860
201611,40147,21,2,27,15,46755303
201611,40014,19,2,1860,1075,3309313303
201611,40154,24,2,10,6,13842037
201611,40145,15,1,1,1,6001762
201611,40030,21,2,278,77,396879385
201611,40012,20,3,33,13,22191123
201611,40156,22,4,1,1,96442470
201611,40154,29,3,1,1,5768265
201611,40154,30,2,19,10,25977657
201611,40152,28,2,3,2,7531546
201611,40021,25,3,85,12,81371313
201611,40012,25,4,31159,63,8391987684
201611,40156,19,4,12,11,565613124
201611,40014,25,2,676,408,1342805555
201611,40021,24,4,1872,16,569565639
201611,40014,23,4,184,39,8390734595
201611,40112,14,1,2,1,1025775
201611,40036,2,4,1,1,84844
201611,40036,30,2,113,87,19609012
201611,40030,24,2,521,161,512660797
201611,40132,24,1,1,1,17004521
201611,5,6,2,1525,630,1398284795
201611,40128,14,1,3,1,1046207
201611,40030,27,2,53,18,96523571
201611,40138,26,1,4,3,5242929
201611,40044,30,3,17,14,137866365
201611,40133,17,1,2,1,12922765
201611,40138,24,3,116,2,45260376
201611,40044,31,2,24,18,84054392
201611,5,3,5,17,4,932948262
201611,5,5,3,966,157,2198990442
201611,40108,1,4,2,2,195787227
201611,40132,21,4,5,2,239374527
201611,40012,22,4,6744,30,2131184544
201611,40002,15,1,1370,1119,1133744711
201611,40113,14,4,16,11,124444457
201611,40137,19,3,1,1,8688214
201611,40136,21,2,5,5,3165556
201611,40127,9,5,5,4,3706375547
201611,40044,16,1,4,4,3891185
201611,40044,13,4,6,3,164797614
201611,40002,25,1,419,347,309960594
201611,40062,1,2,59,43,29627084
201611,40132,30,2,2,2,1780861
201611,40044,15,2,58,44,379680038
201611,40062,2,1,85,47,39411598
201611,40136,15,1,9,9,2665063
201611,40002,22,4,74,23,991837786
201611,40060,13,2,2,1,34688924
201611,40042,13,2,2,1,9114113
201611,40102,14,4,6,5,103264595
201611,5,15,5,2,2,5826677965
201611,40002,31,2,721,588,465209622
201611,40002,2,2,1450,1165,1114768456
201611,40030,12,3,1,1,500119
201611,40002,29,4,8,5,209944195
201611,40113,21,3,6,4,45212712
201611,5,17,3,159,29,420173320
201611,40112,19,2,382,5,70617994
201611,40044,6,1,3,2,4356559
201611,40113,22,2,16,13,99811439
201611,40014,29,1,252,184,202230319
201611,40072,29,1,129,107,38936472
201611,40036,20,1,199,165,13570784
201611,40021,5,3,40,11,99108319
201611,40002,7,4,24,12,1195411950
201611,40113,22,1,5,5,10190169
201611,40110,14,1,1,1,15408892
201611,40021,18,2,259,42,26588079
201611,40143,14,4,1,1,19247750
201611,40021,16,4,25755,20,1297912735
201611,40143,22,2,1,1,2507324
201611,40021,19,1,2734,884,299748569
201611,40037,30,1,1,1,641381
201611,40137,9,2,16,16,96348729
201611,40044,12,4,5,3,228342534
201611,40152,2,2,3,2,15174551
201611,40059,19,1,3,3,1269069
201611,40138,31,2,4,2,46699057
201611,40136,32,3,2,1,12098587
201611,40150,21,2,12,8,82486429
201611,40136,31,4,1,1,35
201611,40136,9,3,13,13,88746254
201611,40150,25,1,7,2,19377821
201611,40062,21,1,76,24,13184419
201611,40014,6,1,966,677,675983167
201611,40062,20,2,8,1,2750000
201611,40132,27,1,2,2,25768626
201611,40058,14,5,4,1,293770947
201611,40058,15,4,47,30,1539128337
201611,40133,5,2,2,1,32140491
201611,40138,8,2,7,3,39955081
201611,40012,5,4,18608,51,4652893586
201611,40132,7,1,1,1,404630
201611,40042,9,5,6,4,796321807
201611,40150,22,1,1,1,31694030
201611,40138,6,4,1,1,5486696
201611,40030,14,3,385,72,626267933
201611,40036,19,4,39,17,10139748074
201611,40113,15,1,30,22,170447742
201611,40102,16,4,1,1,5024640
201611,40112,11,2,2,2,194897
201611,40021,21,1,1622,669,175426545
201611,40044,23,4,21,12,690080682
201611,40042,23,2,1,1,1335786
201611,40044,24,3,9,6,66758819
201611,40037,5,5,1,1,74623812
201611,40102,29,2,1,1,3016329
201611,40021,27,4,20,2,68417157
201611,40113,10,2,22,17,25988422
201611,40012,18,2,312,111,174449849
201611,40036,2,1,214,198,11204613
201611,40102,2,3,1,1,15149557
201611,40059,11,4,11,3,466990840
201611,40058,13,1,11,9,6374608
201611,40012,999,1,5,3,2376550
201611,40072,21,4,51,17,950055217
201611,40012,3,4,197,10,577890643
201611,40012,5,2,814,373,643667978
201611,5,20,1,5064,2994,1533509450
201611,40014,999,2,9,6,40872516
201611,5,22,5,26,2,1121125700
201611,5,26,1,9897,5885,4067474608
201611,40021,26,4,500,40,2088169976
201611,40110,31,4,1,1,723818
201611,40072,10,4,70,13,798570833
201611,40044,26,3,18,9,211335953
201611,40113,7,4,1,1,15677055
201611,40072,12,2,195,134,185875547
201611,40147,9,1,38,22,126354215
201611,40030,25,3,275,28,307608605
201611,40042,26,1,1,1,533779
201611,40108,2,4,2,1,540825514
201611,40002,22,1,313,269,210195507
201611,40147,15,4,1,1,5503125
201611,40062,32,3,6,2,9250120
201611,5,5,2,5686,2223,5233695939
201611,40036,3,2,16,15,1127103
201611,5,2,5,14,1,394745159
201611,40037,30,5,2,1,257239595
201611,40072,9,5,40,11,5575710482
201611,40150,2,2,5,3,14572866
201611,40150,1,3,4,3,14386446
201611,40112,21,1,2,1,12049258
201611,40155,5,4,1,1,160044745
201611,40154,9,1,30,17,125290064
201611,40150,26,1,3,3,25946910
201611,40113,23,2,17,11,40351903
201611,40044,10,4,25,13,1369922220
201611,40002,29,3,12,6,132222350
201611,40042,11,1,1,1,14629816
201611,40154,6,1,2,1,2485513
201611,40058,19,4,436,188,9466051928
201611,40112,24,1,3,1,9972844
201611,40154,15,4,10,5,211216248
201611,40133,19,1,8,7,4364115
201611,40113,10,4,6,4,124172121
201611,40131,21,1,143,141,2321267
201611,40136,23,2,2,1,18276287
201611,40128,11,3,45,2,31293218
201611,40138,21,2,42,8,45792327
201611,40042,17,4,3,2,130575835
201611,40112,9,2,197,15,166290463
201611,5,28,2,5347,2253,4736445689
201611,40150,28,4,6,3,13829647
201611,40062,25,3,6,4,11492639
201611,40102,15,4,7,5,80525426
201611,40136,5,4,1,1,15629466
201611,40062,24,4,1,1,99389
201611,40132,1,4,2,1,58344553
201611,40154,11,1,2,2,3190013
201611,40154,9,3,8,5,94439086
201611,40113,19,2,71,56,226301834
201611,40113,18,3,3,2,31433890
201611,40060,11,3,1,1,13105831
201611,40102,23,2,1,1,10300647
201611,40113,20,1,15,15,8423585
201611,40012,19,3,948,95,659707044
201611,40128,15,2,20,12,45473127
201611,40036,27,4,2,2,54398088
201611,40030,18,1,97,30,22465710
201611,40036,21,4,14,8,2760844442
201611,40030,16,3,157,28,294486902
201611,40014,11,3,107,43,266024813
201611,40021,21,3,67,9,111292445
201611,5,29,4,73,14,1421294913
201611,40012,12,4,7,5,215764065
201611,40021,22,2,301,135,176794581
201611,40110,5,4,3,2,103888583
201611,40012,14,2,3174,1560,2536473348
201611,40128,14,3,1,1,3343778
201611,40145,5,2,5,4,39453029
201611,40012,1,3,61,17,152550051
201611,5,30,5,10,2,658062667
201611,40138,9,3,195,6,45966945
201611,40145,6,1,1,1,770702
201611,40012,3,1,1639,1171,499275610
201611,40014,1,1,672,492,531623783
201611,40072,20,2,465,350,533119064
201611,40012,2,2,746,392,676616717
201611,40058,4,1,1,1,293420
201611,40059,5,1,1,1,406
201611,40042,27,2,4,3,10022022
201611,40021,32,3,25,3,18079374
201611,40136,10,4,1,1,0
201611,40059,31,4,9,6,342306741
201611,40136,11,3,1,1,0
201611,40058,32,2,58,29,55332586
201611,5,5,4,20387,165,24192773949
201611,40058,24,3,17,9,110112743
201611,40072,31,4,113,34,1360171056
201611,40147,14,4,1,1,20005616
201611,40145,19,4,1643,52,1695692086
201611,40128,21,1,3,2,8061358
201611,40147,15,3,5,1,21681716
201611,40002,6,3,24,7,110303913
201611,40036,25,1,323,287,24778342
201611,40002,11,1,538,442,442015736
201611,40002,9,3,379,243,2013734433
201611,5,21,1,13782,8687,5416599467
201611,40106,9,3,2,1,15708513
201611,40152,28,1,1,1,10045291
201611,40154,30,1,6,4,4353839
201611,40112,13,1,1,1,0
201611,40138,31,4,4,1,25080522
201611,40110,15,3,1,1,608925
201611,5,31,1,6216,3572,2725205020
201611,40150,20,2,12,3,55062729
201611,40021,22,1,907,384,108469405
201611,5,22,4,7691,119,13171106177
201611,40132,31,2,97,29,230981347
201611,40021,20,3,2,2,36262
201611,40131,32,2,3,2,3036107
201611,40102,15,1,5,5,26205891
201611,5,29,3,166,13,326834374
201611,5,23,3,136,47,692361578
201611,5,25,1,9109,5631,4307642299
201611,40059,22,1,3,2,15274596
201611,40014,17,2,285,161,375408524
201611,40021,16,1,1344,500,89136979
201611,40037,9,4,43,31,12235056958
201611,40002,23,4,24,13,1872773240
201611,40021,9,2,4889,1635,1757633618
201611,5,13,4,476,40,6865805058
201611,40150,25,4,24,5,140338764
201611,40156,28,4,2,1,61331223
201611,40030,5,4,92,19,1694771648
201611,40036,9,3,101,49,314899210
201611,5,16,1,14258,8394,5096601126
201611,40128,30,3,1,1,13442552
201611,40150,1,2,4,2,20499079
201611,40133,28,1,1,1,4225570
201611,40132,27,3,1,1,8924671
201611,40030,15,3,127,41,447629226
201611,40012,14,1,18774,14333,5370026274
201611,40002,27,4,33,11,409441640
201611,40042,22,4,6,2,135939857
201611,40014,8,5,3,1,89504912
201611,40150,24,1,20,5,78784720
201611,40060,14,3,36,18,171994222
201611,40060,16,1,4,4,6124010
201611,5,27,2,2025,966,1735505654
201611,5,25,4,35765,171,39126572238
201611,40150,22,3,2,2,20672669
201611,40002,28,3,48,26,203675008
201611,40030,17,1,100,42,39226588
201611,40044,27,1,9,6,3401468
201611,40058,26,2,140,94,188979903
201611,40042,15,2,63,49,415782964
201611,40131,1,2,1,1,3062909
201611,40036,16,2,35,28,3643314
201611,40021,2,3,259,10,146594727
201611,40072,20,1,776,624,438489036
201611,40059,11,3,1,1,30040282
201611,40058,14,2,987,539,1304639393
201611,40044,9,1,141,114,617498010
201611,5,20,3,82,29,103908180
201611,40138,3,1,1,1,7123083
201611,40021,11,3,202,25,236395312
201611,40132,1,1,2,2,104619
201611,40058,11,2,344,169,563367313
201611,40136,5,1,1,1,2059500
201611,40042,6,2,1,1,350822
201611,40021,9,5,13,5,1323240851
201611,40059,22,3,1,1,5379816
201611,40042,14,2,21,19,82453414
201611,40131,28,2,5,5,95334
201611,40042,12,4,2,1,357461280
201611,40042,13,3,1,1,10049295
201611,40131,27,3,1,1,10091
201611,40059,15,4,17,9,475431466
201611,40058,21,3,6,6,70859076
201611,40132,27,2,5,3,50960484
201611,5,26,2,4622,2040,5026020096
201611,40014,9,3,854,363,2747488268
201611,40062,29,4,2,1,58126971
201611,40042,15,1,22,19,77107797
201611,40072,2,1,857,655,305546379
201611,40138,30,1,4,3,41233929
201611,40014,999,3,5,2,1742026
201611,40002,18,1,64,55,16802065
201611,40140,9,4,1,1,48000000
201611,40037,26,4,2,2,202398260
201611,40014,17,4,14,6,187005713
201611,5,30,4,3882,158,27865170675
201611,40021,24,1,758,306,110015782
201611,40058,3,1,20,15,8450299
201611,40143,9,1,28,23,108099381
201611,40058,1,3,16,9,43363529
201611,40156,18,2,1,1,10057424
201611,40042,15,4,21,16,1245540669
201611,40154,26,4,10,6,242859171
201611,40044,18,3,1,1,2515
201611,40137,25,4,10,7,1051162397
201611,40138,26,2,11,11,42745772
201611,40132,25,1,6,2,28019277
201611,40152,28,3,1,1,25039901
201611,40145,23,3,2,1,12807504
201611,40136,2,2,2,2,129635
201611,40036,15,5,1,1,5769236985
201611,40131,26,1,134,134,2126615
201611,40113,17,2,9,5,17912691
201611,40014,14,1,4305,3155,3099147956
201611,40030,9,5,24,4,1225272300
201611,40030,13,1,279,64,88322038
201611,40062,24,3,4,2,4089297
201611,40014,12,3,11,9,15551590
201611,40133,23,2,5,3,8406647
201611,40152,24,4,2,2,168369873
201611,40044,19,2,36,30,362283304
201611,40030,10,3,6,2,15119634
201611,40131,6,1,16,16,309303
201611,40062,22,4,1,1,2565410
201611,40132,2,1,1,1,3545663
201611,40014,10,1,532,415,383819851
201611,40136,8,2,4,4,4402663
201611,40042,5,4,4,2,369598149
201611,40037,21,2,1,1,2596690
201611,40036,20,2,46,32,3822704
201611,40042,7,2,1,1,1862049
201611,40012,9,4,49998,575,1.30967E+11
201611,40072,28,3,89,34,187884966
201611,40060,7,2,1,1,6865649
201611,40021,10,2,218,102,58211039
201611,40012,12,1,2844,2128,855411219
201611,40112,26,2,8,2,21583458
201611,40002,26,3,29,20,215313761
201611,40138,9,2,1064,41,300293205
201611,40021,14,1,3136,1300,393102824
201611,40143,21,2,2,2,9770197
201611,40062,22,1,66,38,26959910
201611,40131,8,2,24,12,41125203
201611,40138,3,2,10,3,31272866
201611,40036,17,2,25,20,13092908
201611,40131,5,2,33,27,41032732
201611,40036,16,3,1,1,430741
201611,40002,28,1,266,219,179466440
201611,40030,15,1,251,107,293845671
201611,40154,9,4,7,5,175504583
201611,40072,24,2,844,511,649959691
201611,40102,19,4,2,2,20030760
201611,40072,13,4,12,7,255634276
201611,40072,22,4,55,14,608546389
201611,40044,8,4,56,30,1573195894
201611,40150,6,3,5,1,17798589
201611,40102,22,1,1,1,48806752
201611,40044,9,3,71,53,784257202
201611,40042,9,1,61,55,303931346
201611,40021,5,2,701,263,163801714
201611,40012,1,1,2672,1858,875019007
201611,40112,23,4,4,2,287543962
201611,40030,4,4,8,4,223540480
201611,40150,11,1,10,4,95566395
201611,40058,13,2,9,5,12910656
201611,40021,8,2,535,219,170821110
201611,40002,20,4,18,4,190286617
201611,40151,9,2,1,1,30009808
201611,40113,26,4,21,13,284259287
201611,40030,7,1,43,28,50872687
201611,40136,23,1,1,1,286560
201611,40021,7,3,44,9,68611270
201611,40002,23,1,152,115,113239070
201611,5,12,4,61,16,1941307932
201611,40113,27,3,9,6,59555346
201611,40036,11,3,4,4,7400178
201611,40112,2,2,15,7,27131249
201611,40014,31,4,121,27,1882622043
201611,5,12,1,5017,3210,1619822914
201611,40021,9,1,7749,3154,1373760500
201611,40036,13,1,222,201,15703984
201611,40113,6,4,2,2,11478010
201611,40002,15,2,5504,4460,3945018539
201611,40132,13,2,10,4,68837352
201611,40137,15,3,6,6,76574110
201611,40062,6,3,12,4,33135865
201611,40021,25,2,448,180,245396452
201611,40058,25,1,368,271,212313945
201611,40044,29,3,1,1,40364070
201611,40044,31,1,26,15,62403184
201611,40072,7,4,26,14,115361892
201611,40059,2,2,2,2,27937246
201611,40060,24,3,2,2,15601009
201611,40021,23,4,345,16,2113568018
201611,40132,14,4,80,13,1047474795
201611,40132,16,2,45,8,124376111
201611,40138,14,3,526,6,60144472
201611,40002,10,4,19,11,2567803873
201611,40138,18,2,2,1,27523939
201611,40108,9,3,1,1,41245878
201611,40137,17,1,2,2,10200950
201611,40036,25,3,2,2,619876
201611,40150,11,2,29,13,117890974
201611,40030,19,3,154,44,523556305
201611,40062,14,1,380,173,136162412
201611,40021,18,3,75,2,27485166
201611,40072,10,1,407,298,179826028
201611,40131,14,2,46,14,38176964
201611,40112,22,4,121,4,112546300
201611,5,11,4,21426,253,36714897871
201611,40002,19,3,96,57,601415203
201611,5,12,3,130,20,158495267
201611,40062,18,2,13,1,9089707
201611,40113,27,2,34,26,147701775
201611,40154,11,3,1,1,5421325
201611,40154,9,2,9,7,38228590
201611,40150,31,3,2,2,16261670
201611,40112,24,2,2,2,11335849
201611,40152,11,1,1,1,5027858
201611,40062,16,4,6,3,41825710
201611,40127,999,5,4,3,4555369490
201611,40137,9,1,12,12,46373706
201611,40062,19,1,1454,601,593913601
201611,40014,11,4,261,56,3765030683
201611,40136,29,1,1,1,10327764
201611,40042,9,4,112,71,5574269394
201611,40044,11,4,38,27,2342151437
201611,40156,23,1,1,1,10005093
201611,40012,13,4,182,16,1771805487
201611,40113,15,4,34,28,1359271040
201611,40062,25,2,150,49,96010744
201611,40060,11,2,18,8,86343180
201611,40133,21,4,4,2,541899298
201611,40044,12,3,1,1,10054432
201611,40112,14,2,24,10,70422677
201611,40030,10,4,75,6,291283173
201611,40128,21,4,1,1,834073
201611,40012,14,3,950,134,1090153508
201611,40133,24,1,7,7,9715073
201611,40042,11,2,15,12,73697824
201611,40014,9,2,6222,3745,10875985658
201611,40044,8,3,21,12,189867507
201611,40002,25,4,97,38,4205428709
201611,40133,1,4,1,1,6030556
201611,40147,26,1,51,35,105485460
201611,40156,6,1,1,1,5026212
201611,40132,4,2,51,7,90067055
201611,40044,7,4,3,2,46127726
201611,40113,29,2,3,3,16067510
201611,40036,18,1,81,73,4617554
201611,40137,9,3,4,4,48791053
201611,40138,7,4,2,1,85571486
201611,40137,8,1,1,1,13194373
201611,40044,10,1,5,3,38204223
201611,40132,1,2,2,2,5087075
201611,40143,28,4,2,1,13590149
201611,40133,1,1,3,2,1156625
201611,40145,5,4,9,4,165641033
201611,40021,11,1,1271,502,125530371
201611,40132,5,4,8,2,606219669
201611,40150,6,1,9,3,37104334
201611,40138,2,3,1,1,9560208
201611,40150,13,2,3,2,13995344
201611,40036,15,2,201,134,101232578
201611,40059,3,4,5,4,633878608
201611,40131,10,2,5,2,1159120
201611,40131,9,3,6,1,1290969
201611,40072,18,2,285,159,204380831
201611,40021,30,3,69,9,85745240
201611,40044,2,1,10,8,88852110
201611,40156,14,1,2,2,22639204
201611,40154,19,2,2,2,34281478
201611,40044,30,4,56,22,3068915249
201611,40030,29,1,1,1,985292
201611,40036,31,2,35,25,39657770
201611,40147,10,1,3,1,10581626
201611,40136,15,2,14,10,68956938
201611,40150,1,1,4,1,13131523
201611,40147,7,4,4,1,60986596
201611,40136,13,4,5,3,235988872
201611,40138,13,2,1,1,5853580
201611,40030,26,4,135,15,491871538
201611,40030,32,1,139,38,53737639
201611,40131,13,1,114,110,1696368
201611,40060,25,4,7,3,184795676
201611,40036,999,1,5,2,6322191
201611,40132,13,1,8,4,55566185
201611,40012,1,4,711,20,1264751040
201611,5,6,4,3013,33,5281020962
201611,40156,8,4,1,1,35165984
201611,40136,14,4,11,7,431826545
201611,40156,9,3,18,16,289705481
201611,40030,32,2,176,39,98613710
201611,40058,8,4,69,33,1489208081
201611,40138,14,2,151,16,128985588
201611,40058,7,2,6,6,29693564
201611,40060,23,2,10,5,62413004
201611,40062,8,2,131,49,55988934
201611,40002,8,2,1237,990,814150016
201611,40072,17,1,194,169,59760854
201611,40002,6,4,25,9,806147410
201611,40030,30,2,208,63,287038748
201611,40133,19,2,9,8,48043643
201611,40062,15,1,278,131,126310005
201611,40136,23,3,1,1,2920
201611,40112,5,1,1,1,3618419
201611,40127,19,4,4,2,183341281
201611,40138,22,2,12,1,1980655
201611,40133,20,1,1,1,156568
201611,40112,3,3,1,1,10028988
201611,40147,13,4,7,2,52514806
201611,40060,24,1,26,15,94357138
201611,40030,29,3,1,1,2997384
201611,40113,19,1,37,36,56932951
201611,40131,26,2,1,1,38220
201611,40150,18,1,1,1,18425878
201611,40014,9,1,21359,15633,16833227758
201611,40012,17,1,2892,2189,650571484
201611,40014,13,3,15,7,90698860
201611,40131,27,1,232,225,4678282
201611,40062,2,3,4,3,6755545
201611,40014,8,2,693,437,1414540346
201611,40113,16,4,6,3,374296149
201611,40154,6,2,13,8,37990857
201611,40112,13,4,2,1,4136000
201611,40036,30,1,440,397,49124550
201611,40058,26,3,29,17,98883904
201611,5,32,1,3944,2573,1165025154
201611,40014,17,3,49,11,122672322
201611,40014,21,2,632,371,1020845189
201611,40014,22,1,733,547,669043971
201611,40021,19,5,1,1,9011795
201611,40012,21,4,2754,55,6472018308
201611,40014,19,1,2677,1936,2082726417
201611,40058,27,2,5,4,455009
201611,40113,31,3,12,7,53947709
201611,40128,9,2,61,44,183988812
201611,40021,20,4,55,4,112460702
201611,40058,28,1,357,267,286456069
201611,40059,27,3,2,2,25655827
201611,40037,30,2,1,1,6741181
201611,40036,29,2,9,9,6744218
201611,40058,2,3,54,20,134312639
201611,40133,8,1,2,2,19170892
201611,40059,2,4,3,3,304647146
201611,40044,30,1,28,21,51548489
201611,40138,10,2,1,1,2509094
201611,40137,9,4,13,9,424658422
201611,40147,4,1,3,3,15222134
201611,40058,1,4,24,7,413913620
201611,5,6,3,247,34,448330583
201611,5,8,1,11277,7201,5871743514
201611,40136,12,2,1,1,66670
201611,40131,10,1,113,104,8720772
201611,40058,1,1,171,122,104773977
201611,40106,19,4,10,7,2623945738
201611,40131,9,2,50,17,65592302
201611,40147,16,2,3,2,10191737
201611,40030,19,1,819,204,574970825
201611,40058,22,5,1,1,28050219
201611,40072,32,3,41,19,61444905
201611,5,19,3,3415,466,7838461648
201611,40112,9,1,29,15,132347273
201611,40036,23,3,2,2,16968793
201611,40002,8,4,132,32,2917951226
201611,40113,10,3,1,1,3520976
201611,40143,16,1,1,1,7339213
201611,40058,19,2,4471,2277,5891829698
201611,40112,8,2,4,4,6771919
201611,40002,8,1,296,246,299010871
201611,40058,32,1,28,16,38744370
201611,5,999,2,172,23,153253809
201611,40042,29,2,1,1,2643132
201611,40002,10,3,25,12,98172361
201611,40112,13,2,2,1,8590181
201611,40030,26,3,38,17,115769609
201611,40113,16,2,21,19,43451502
201611,40002,12,4,4,1,5549843
201611,40012,24,2,561,248,408400820
201611,40136,25,4,2,2,54160640
201611,5,999,5,4,3,4555369490
201611,40136,19,4,6,6,227264018
201611,40132,23,2,1,1,1070637
201611,40037,32,4,1,1,464110507
201611,40059,30,4,2,2,59151822
201611,40059,31,3,2,2,6017355
201611,40044,32,1,2,2,606195
201611,40036,28,4,7,6,2138097961
201611,40002,999,4,13,6,1492410716
201611,40036,5,1,245,218,21503856
201611,40133,22,2,5,5,23934867
201611,40030,25,4,397,44,2503558099
201611,40042,11,4,1,1,40126842
201611,40106,11,3,2,1,28726897
201611,40058,18,2,13,8,7637586
201611,40132,9,3,40,16,157425033
201611,40058,17,3,1,1,5032317
201611,40131,31,2,7,7,85002
201611,40137,11,4,2,2,31253566
201611,40131,32,1,115,110,1805619
201611,40058,16,4,19,12,282029522
201611,40042,14,1,9,8,16781212
201611,40102,15,3,6,4,31314802
201611,40110,19,4,11,9,1423084442
201611,5,13,5,1,1,371920845
201611,40044,14,3,19,15,186737691
201611,40145,5,1,2,1,919568
201611,40132,31,1,20,13,45078979
201611,40136,14,2,3,3,49877108
201611,40132,11,1,30,6,62111753
201611,40012,28,4,1115,34,3450752211
201611,40021,4,4,26,9,773822669
201611,40002,1,3,17,11,154462953
201611,5,19,1,31769,17806,13079028844
201611,40072,27,3,16,10,25715308
201611,40002,3,1,166,131,66690659
201611,40012,31,1,2379,1629,710669275
201611,40036,18,3,1,1,12600004
201611,40021,6,2,156,72,42530671
201611,40044,5,2,21,17,237337191
201611,40136,1,2,3,3,163517
201611,40036,17,4,3,3,36654
201611,40021,7,1,407,178,84323364
201611,40072,30,3,100,37,206873052
201611,40072,999,1,2,2,156462
201611,40002,10,1,134,111,73178497
201611,40156,30,4,1,1,90056814
201611,40147,21,4,1,1,71267213
201611,40072,29,4,10,6,33663840
201611,40002,8,3,16,13,155196039
201611,40113,20,3,1,1,1041716
201611,40072,31,2,651,371,619161177
201611,40030,21,3,102,9,131776961
201611,40147,24,1,2,1,6064028
201611,40036,26,4,45,12,639327214
201611,40147,27,1,2,2,3368797
201611,40113,21,2,32,29,60139232
201611,40002,9,2,9966,7938,8976036717
201611,40072,6,1,281,215,120119425
201611,40014,8,1,1932,1463,1906296584
201611,40132,19,4,18,7,1846797961
201611,40014,6,3,28,16,98441219
201611,40021,14,2,2940,760,896315472
201611,40106,9,4,8,7,768526509
201611,40060,14,2,221,80,455296894
201611,40138,23,2,1,1,1979910
201611,40060,15,1,8,8,12966946
201611,40133,21,1,4,4,2445810
201611,40072,27,2,236,123,215948879
201611,40131,21,3,15,1,4536571
201611,40138,21,4,1,1,1472755
201611,40044,21,3,13,9,164887800
201611,40132,22,1,8,6,10267248
201611,40151,15,2,1,1,41065885
201611,40012,9,2,13778,5136,9784811010
201611,40021,12,4,12,3,84603519
201611,40021,5,4,721,22,1135753540
201611,40060,16,2,1,1,6783643
201611,40036,15,1,647,571,144404998
201611,40036,14,2,214,148,176828035
201611,40021,17,1,745,291,67400710
201611,40147,28,2,3,2,15150164
201611,40042,13,1,1,1,300047
201611,40014,4,3,15,7,79654309
201611,40113,24,3,4,3,1130439
201611,40002,26,4,115,43,4563314610
201611,40131,27,2,4,4,94731
201611,5,11,3,2480,229,3312211095
201611,40131,5,4,5,1,41218138
201611,40113,23,4,16,8,234655858
201611,40147,29,3,1,1,655844
201611,40044,15,1,44,35,101863413
201611,40136,11,1,2,2,2878924
201611,40012,6,3,112,10,27066647
201611,40143,21,4,4,3,97102354
201611,40143,23,2,1,1,13951074
201611,40154,4,2,4,3,3801974
201611,40062,21,4,2,2,2523792
201611,40058,18,1,12,8,2682150
201611,40044,14,2,58,44,306945727
201611,40154,5,1,2,2,6279716
201611,40062,24,1,30,11,6191067
201611,40112,15,4,32,10,453310329
201611,40152,24,1,5,2,28253528
201611,40154,2,2,7,4,43704438
201611,40113,12,4,1,1,20004902
201611,40036,22,1,307,271,32220677
201611,40036,20,3,2,1,2360665
201611,40030,15,2,417,141,441090670
201611,40154,1,3,3,1,31807868
201611,40002,5,1,275,231,151588571
201611,40021,15,4,2194,71,8078605124
201611,40072,3,3,18,5,27890904
201611,40060,24,4,148,2,19064175
201611,5,10,1,5269,2306,1447589536
201611,40062,14,2,575,228,351880475
201611,40072,12,3,7,5,3101610
201611,40060,1,1,1,1,1753713
201611,40062,6,4,123,1,39203543
201611,5,9,2,46629,17117,49372181171
201611,5,8,3,637,113,1735608122
201611,5,28,3,1013,120,1662296451
201611,40072,14,1,2586,1914,1058301301
201611,40113,7,2,18,10,79133639
201611,40113,6,3,1,1,202848
201611,5,4,1,2009,1280,795019272
201611,40112,31,4,6,2,97740880
201611,40072,15,3,227,109,535040826
201611,40136,25,1,1,1,1465100
201611,40137,21,4,1,1,10006757
201611,40012,9,3,7022,525,4148774317
201611,40072,32,4,20,13,164657427
201611,40113,18,2,23,18,55433205
201611,40072,7,3,38,22,123303809
201611,40062,1,4,1,1,65017286
201611,40072,6,4,15,7,83411086
201611,40150,16,3,1,1,6720961
201611,40062,3,2,1,1,886512
201611,40012,11,1,9833,6833,3006901227
201611,40012,16,2,1216,481,635617289
201611,5,1,2,2560,938,2433311872
201611,40128,22,4,8,1,8202745
201611,40014,12,4,9,3,170512870
201611,40012,15,3,1210,123,1223512953
201611,40138,27,2,2,2,13541831
201611,40112,27,4,324,1,38581785
201611,40036,23,2,49,28,56689678
201611,40014,16,4,118,35,2839992359
201611,5,30,3,1496,157,2525863535
201611,40014,12,2,172,108,211044659
201611,40030,23,2,3,2,16295340
201611,40036,28,3,1,1,117910
201611,40030,15,4,233,32,2053859236
201611,40036,22,3,6,5,34573949
201611,40030,24,1,626,149,399943499
201611,40012,23,2,344,113,293876797
201611,40012,15,1,22747,16674,6276567760
201611,40060,31,1,8,6,77481621
201611,40137,11,2,2,2,5813297
201611,40131,8,3,2,1,8415680
201611,40044,27,4,10,8,575196683
201611,40058,3,2,11,7,8198626
201611,5,31,4,2231,103,13210412138
201611,40132,8,2,10,4,69398534
201611,5,7,2,2687,1440,2217971000
201611,40058,31,3,7,3,85362311
201611,40021,31,4,401,24,855898259
201611,40138,8,4,1,1,27082430
201611,40132,9,1,112,66,246921801
201611,40030,16,4,425,42,2858632078
201611,40058,17,4,1,1,106557
201611,40147,19,2,8,2,17759935
201611,5,18,4,83,19,1943365316
201611,40002,7,2,1069,850,625232067
201611,40058,18,3,1,1,353325
201611,40036,22,4,62,10,261950016
201611,40030,18,2,139,38,67778022
201611,40143,9,5,1,1,18691014
201611,40002,10,2,377,316,284630048
201611,40036,24,2,30,25,73165811
201611,40127,17,4,1,1,2618369386
201611,40059,24,4,9,7,271515496
201611,40143,15,2,15,8,57719675
201611,40128,19,3,2,1,42695242
201611,40062,3,1,1,1,8300000
201611,40062,1,3,6,3,8500382
201611,40113,9,4,111,72,4584534073
201611,40154,1,1,1,1,161945
201611,40112,10,4,3,2,132409168
201611,5,30,2,5817,2573,5111776288
201611,40002,6,2,276,242,163809137
201611,40021,21,2,742,278,319354559
201611,40156,24,1,1,1,5028712
201611,40014,15,4,557,136,8381369157
201611,40014,14,5,3,1,94175125
201611,40012,17,4,6570,14,907283420
201611,40102,13,3,1,1,20158548
201611,40112,11,3,1,1,10007290
201611,40150,21,1,4,2,24569874
201611,5,28,4,3170,133,24979797715
201611,40062,5,3,48,10,37841272
201611,40138,32,3,3,1,2824401
201611,5,21,5,6,2,2187607685
201611,40030,7,2,23,13,55412604
201611,40002,4,3,5,4,36132172
201611,40058,7,3,2,2,30188354
201611,40036,8,4,75,11,377979754
201611,5,28,1,10050,6258,4021467714
201611,40072,19,2,4741,2696,3478943615
201611,5,19,4,93849,691,2.32314E+11
201611,40138,28,3,86,1,6650453
201611,40154,31,3,3,1,19773960
201611,40036,29,1,105,92,11741953
201611,40072,29,3,6,3,13647063
201611,40012,8,3,213,36,308607087
201611,40133,19,3,1,1,3001482
201611,40002,14,1,846,706,785510670
201611,40021,15,1,2540,1199,386993306
201611,40072,28,4,96,36,6941599371
201611,40042,19,3,10,6,83350077
201611,40150,17,4,2,1,7532605
201611,40132,21,2,18,10,29761800
201611,40014,7,2,293,202,347824720
201611,40102,15,2,18,15,121573441
201611,5,21,4,4100,153,36668027922
201611,5,23,2,1761,848,1800063321
201611,40021,14,4,3901,88,5161706126
201611,40042,14,4,3,3,36758874
201611,40021,8,1,1121,563,126830778
201611,40060,14,4,71,31,2805713574
201611,40042,16,2,5,4,22453691
201611,40044,17,3,1,1,38236860
201611,40102,19,2,2,1,12402742
201611,40030,7,3,27,3,89479280
201611,40030,9,1,2594,623,1803409524
201611,40021,7,2,126,93,72531949
201611,40014,30,4,409,64,5075121612
201611,40014,31,3,76,25,169367076
201611,40014,32,4,5,4,13014210
201611,40138,9,1,600,31,220372936
201611,40014,5,2,530,339,903346136
201611,40150,23,3,1,1,17555319
201611,40062,19,3,246,70,609818697
201611,40136,28,4,4,4,20803127
201611,40150,22,4,1,1,1610323
201611,40012,8,1,5268,3811,1753340498
201611,40059,16,4,2,2,5329902
201611,40113,26,1,173,138,169166578
201611,40154,2,4,2,2,30531116
201611,40060,9,2,27,18,50310912
201611,40060,6,2,3,1,70175
201611,40154,1,2,1,1,355712
201611,40131,7,2,1,1,61198
201611,40143,26,2,2,2,5550749
201611,40131,31,1,291,285,4018508
201611,40002,27,3,16,10,81863702
201611,5,10,4,576,62,9341543059
201611,5,9,5,541,67,61144946417
201611,40002,999,1,6,4,6367966
201611,40132,4,4,6,4,371314325
201611,40138,27,3,2,2,39800408
201611,40132,30,1,1,1,1006481
201611,40133,25,2,5,4,16655210
201611,5,13,1,6690,4304,2360884185
201611,5,12,2,1418,699,851935650
201611,40131,26,3,1,1,10344
201611,40147,30,2,6,3,17751511
201611,40133,26,1,13,10,4468594
201611,40150,24,2,2,2,10867770
201611,40147,25,4,6,3,64836617
201611,40030,13,4,36,8,930140471
201611,40021,16,3,471,9,45142860
201611,40072,2,4,174,44,2612235084
201611,40113,14,2,99,73,324190563
201611,40112,9,4,5235,55,4284579871
201611,40002,32,3,5,3,20160343
201611,40113,21,1,71,65,77039289
201611,40154,26,1,6,5,31210191
201611,40002,2,4,77,36,5586146007
201611,40021,18,1,240,95,16699270
201611,40002,31,4,23,13,1597069262
201611,40036,21,2,78,64,76443008
201611,40113,13,3,3,2,5349234
201611,40108,9,2,5,5,114266251
201611,40113,19,3,18,15,128488592
201611,40152,22,3,1,1,4764234
201611,40154,25,2,95,53,299214704
201611,40012,19,1,10191,6721,3099261242
201611,40062,11,2,56,20,23400240
201611,40030,1,2,657,125,569953905
201611,40036,5,4,8,4,95900165
201611,40072,11,1,1161,908,557274723
201611,40036,1,2,33,25,8262182
201611,40037,9,1,5,5,58240174
201611,40044,25,2,26,17,163823384
201611,40042,30,4,1,1,138435081
201611,40102,28,3,1,1,20169897
201611,40030,2,1,145,76,43977388
201611,40102,1,4,2,1,30302392
201611,40044,26,1,15,11,98531576
201611,40072,23,2,299,207,210963490
201611,40072,1,1,490,368,198549465
201611,40014,2,3,97,48,254650165
201611,5,19,2,22594,7450,23232134310
201611,5,18,3,434,19,357389531
201611,5,24,3,1611,68,1065448947
201611,5,17,4,7993,42,5053742027
201611,40021,27,3,15,8,74670480
201611,40112,4,4,7,3,283055966
201611,40147,7,3,2,1,16375651
201611,40036,1,4,3,3,544751
201611,40072,4,1,231,193,48693128
201611,40037,2,4,1,1,67323282
201611,40072,3,2,487,218,248679304
201611,40062,5,1,318,142,49019080
201611,40072,1,4,30,17,525250815
201611,40030,24,4,291,21,1951141816
201611,40072,24,4,87,25,1320825267
201611,40002,28,4,59,27,4161442514
201611,40042,9,3,65,41,528438790
201611,40138,6,1,265,2,4475994
201611,40014,26,2,557,332,816271858
201611,40014,21,4,203,40,7729656950
201611,40072,11,2,1094,735,917053434
201611,40150,3,2,3,1,13955881
201611,40156,10,4,1,1,49015264
201611,40145,7,3,1,1,25005607
201611,40012,29,1,1145,895,311196480
201611,40147,7,1,156,133,17250479
201611,5,3,3,246,17,202166011
201611,40072,15,1,1956,1549,692852758
201611,40156,11,3,1,1,3320490
201611,40059,8,4,1,1,9203
201611,40012,22,5,8,1,307508634
201611,40072,10,3,57,18,102058504
201611,40113,2,4,3,3,84760420
201611,40012,23,4,5533,40,15767835286
201611,40156,9,2,16,14,239140310
201611,40059,9,3,29,23,267754725
201611,40014,24,4,345,21,2318630235
201611,40112,27,3,148,1,11260921
201611,40002,15,3,156,100,943875281
201611,40131,17,1,86,83,2584069
201611,40002,16,2,1276,1035,733339407
201611,40030,4,1,2,1,712508
201611,40147,7,2,7,3,14414396
201611,40012,30,1,6774,5113,2145879336
201611,40133,15,1,22,18,64741371
201611,40012,32,2,347,165,256104210
201611,40036,7,4,5,5,362370
201611,40110,24,4,2,1,287101272
201611,40014,28,4,187,26,2056756295
201611,40062,14,4,23,8,169017681
201611,40143,4,1,1,1,4316118
201611,40127,11,4,1,1,279500000
201611,40012,29,2,72,51,51823569
201611,40012,4,4,44,14,1406295273
201611,40044,3,3,1,1,45149219
201611,40002,14,4,286,121,9122417279
201611,40002,17,1,188,157,200626640
201611,40072,3,1,495,360,106211711
201611,40002,30,4,217,55,4764656871
201611,40030,18,3,24,4,22980820
201611,40138,24,2,105,8,12823372
201611,40138,4,2,2,2,21503324
201611,40021,22,4,178,18,1303185640
201611,40131,21,4,1,1,19786
201611,40133,21,2,6,5,33575031
201611,40108,11,2,3,3,69844696
201611,40044,21,4,28,16,3151956336
201611,40136,4,4,3,2,138349881
201611,40002,1,4,16,10,921408521
201611,40132,23,1,1,1,5008244
201611,40037,27,1,1,1,9044344
201611,40133,1,2,3,3,7293443
201611,40108,9,4,12,10,3153873126
201611,40044,23,2,31,18,114697462
201611,40152,15,4,2,1,59418245
201611,40062,19,2,2140,756,1578298410
201611,40143,7,1,1,1,616259
201611,40059,32,4,1,1,90516816
201611,40133,8,2,1,1,831518
201611,40136,11,4,9,6,234575389
201611,40112,32,4,4,2,192979008
201611,40072,19,1,3635,2678,1209796269
201611,40147,11,1,6,5,3731179
201611,40030,9,2,1693,459,1672887127
201611,40138,9,4,559,8,301812956
201611,40036,14,3,2,2,313780
201611,40133,9,1,79,53,157928394
201611,40156,5,4,3,3,90340932
201611,40132,7,4,1,1,6094008
201611,40138,11,2,40,3,10679713
201611,40021,32,1,381,107,18838983
201611,40132,9,2,133,78,479051023
201611,40128,11,1,2,1,3784331
201611,40132,9,4,231,42,8840941228
201611,40030,28,2,272,75,256509603
201611,40030,22,5,8,1,307512632
201611,40133,9,3,4,3,57162620
201611,40030,23,4,2,2,50166690
201611,40030,25,2,1281,287,1078454107
201611,40042,32,3,1,1,22170585
201611,40062,15,2,305,128,175292431
201611,40030,1,3,100,16,207469128
201611,40102,2,2,1,1,4017173
201611,40133,8,4,2,2,12196942
201611,40030,26,1,291,113,195212884
201611,40036,9,1,2706,2246,653669413
201611,40036,6,4,1,1,33637
201611,40037,9,2,16,14,220583320
201611,40036,5,2,58,48,10462110
201611,40058,7,1,8,4,933219
201611,40042,30,2,1,1,5357352
201611,40137,15,1,2,2,18370345
201611,40036,29,4,1,1,45357
201611,40106,21,1,1,1,10212656
201611,40102,22,4,2,1,58219003
201611,40131,11,4,1,1,8095
201611,40030,31,3,2,1,10041221
201611,40058,8,1,579,445,385106668
201611,40131,14,1,241,209,24343961
201611,40014,22,4,224,33,3152005024
201611,40044,8,1,23,19,142210099
201611,40012,26,2,695,303,818271762
201611,40012,27,1,2374,1640,740558082
201611,40147,4,2,1,1,5395751
201611,40133,12,1,1,1,374670
201611,40145,5,3,1,1,5001330
201611,40059,8,2,2,2,11869546
201611,40136,15,3,7,5,111291630
201611,40060,26,2,1,1,4297499
201611,40143,9,4,79,35,2294532672
201611,40145,15,4,2,2,20894611
201611,5,7,4,361,59,2810194899
201611,40072,16,2,554,302,588600299
201611,40132,21,1,9,8,29728098
201611,40147,16,1,4,3,966753
201611,40072,14,4,452,136,5002981571
201611,5,3,2,1578,789,903585647
201611,40030,28,4,35,12,699242405
201611,40002,9,1,4015,3249,4133759220
201611,5,30,1,13630,8969,5414585354
201611,5,1,4,2866,61,8318590010
201611,40112,2,4,4,3,2051550
201611,40132,20,2,2,1,1370588
201611,40133,22,4,2,1,20503865
201611,40131,1,1,15,15,264203
201611,5,2,1,10806,7104,4041348958
201611,40113,30,4,8,6,92821588
201611,40059,19,4,27,19,644158529
201611,40113,16,1,71,53,91074864
201611,40030,19,4,584,108,7488136363
201611,40014,18,3,13,8,51652342
201611,40036,27,2,64,56,12392878
201611,40072,7,2,627,400,533096826
201611,40128,14,4,40,8,274892222
201611,40154,25,4,6,6,196723695
201611,40110,9,4,13,11,2899363077
201611,40014,26,1,1445,1067,1058209282
201611,40112,11,1,1,1,1006834
201611,40113,11,4,12,6,624870219
201611,40150,16,1,3,3,5513746
201611,40147,18,2,6,2,99326
201611,40152,24,3,5,3,25547021
201611,40150,12,2,2,1,10503407
201611,40154,31,1,1,1,387713
201611,40154,28,4,7,1,45522007
201611,40044,1,3,9,4,58029386
201611,40012,21,5,4,1,223991604
201611,40132,17,2,8,4,23009683
201611,40136,28,1,5,3,7951212
201611,40062,25,4,1,1,200000
201611,40058,19,1,6642,4677,3008947179
201611,40102,23,1,1,1,9022568
201611,40062,26,3,9,2,3480657
201611,40138,31,3,3,1,42106455
201611,40102,11,4,1,1,12500000
201611,40131,9,4,30,5,766846915
201611,40137,14,1,6,6,17306473
201611,40106,9,2,4,2,54013862
201611,5,14,4,17122,516,64553109123
201611,40002,23,3,17,9,111001744
201611,40131,11,2,11,7,702366
201611,5,16,2,5943,2166,4948881438
201611,40147,2,2,3,2,2798805
201611,40014,28,2,650,412,913409753
201611,40072,28,2,1215,643,1100396169
201611,40044,4,3,3,1,44208809
201611,40113,23,1,19,17,28779992
201611,5,18,2,1411,477,909832501
201611,40030,32,3,19,4,32350054
201611,40036,19,2,121,81,96237294
201611,40021,999,2,128,10,7936876
201611,40044,12,1,5,3,1238796
201611,40012,30,2,1010,448,724162552
201611,40113,20,4,3,1,66037215
201611,40030,13,2,173,53,147621280
201611,40002,32,1,74,63,37635781
201611,40014,26,4,270,42,1769745978
201611,40072,25,5,12,1,734833179
201611,40143,19,2,2,2,1681798
201611,40147,25,3,3,2,31322674
201611,40156,24,4,1,1,5027879
201611,40147,21,1,23,13,22927754
201611,40062,999,2,1,1,9000000
201611,40036,28,2,41,33,9754872
201611,40036,27,3,3,2,14135668
201611,40147,20,2,3,1,2754746
201611,40145,24,3,1,1,15003781
201611,40072,4,3,16,8,42397422
201611,40021,17,3,9,2,4892062
201611,40143,15,3,3,3,40680496
201611,40112,16,4,4,2,292230360
201611,5,24,1,7190,4344,2817315575
201611,40014,5,4,110,38,3707348038
201611,40102,13,4,3,2,103004260
201611,5,22,3,806,88,1488866275
201611,40128,17,2,3,1,11688617
201611,40150,14,4,21,9,132401619
201611,40012,10,1,3127,1174,533683946
201611,40072,30,2,678,381,694952930
201611,40072,26,3,47,23,186261718
201611,40072,31,1,655,482,304306846
201611,40150,16,2,4,3,25005219
201611,40002,2,1,393,315,365547810
201611,40138,30,3,8,4,83924678
201611,40072,5,1,1261,932,405313542
201611,40062,9,4,76,17,655183279
201611,40072,24,1,878,686,295573542
201611,40014,1,4,110,12,683414973
201611,40147,32,1,5,1,3131022
201611,40014,4,1,315,263,183826936
201611,40036,32,2,10,9,950924
201611,40143,5,1,1,1,64187
201611,40044,27,2,6,3,34254701
201611,40156,15,1,3,3,35788963
201611,40112,5,3,16,1,14154531
201611,40152,19,1,121,80,564973696
201611,5,4,3,116,18,331466888
201611,40102,21,2,1,1,4012700
201611,40044,10,2,8,5,48690409
201611,40021,3,4,10,4,243386535
201611,40021,4,3,56,3,12563288
201611,40106,15,4,3,3,87751645
201611,40021,6,1,313,140,27956227
201611,40021,32,4,5,1,50178196
201611,40002,19,2,2252,1857,2302710666
201611,5,17,2,2060,937,1707320201
201611,40113,29,1,10,10,7442644
201611,40138,21,1,43,1,71532
201611,40112,24,3,2,1,8209320
201611,40112,3,4,6,1,656519702
201611,40112,5,2,5,2,20049067
201611,40133,16,3,1,1,10021278
201611,40059,15,1,5,4,45570118
201611,40030,999,2,1,1,1005560
201611,40150,8,4,4,2,22319425
201611,40021,6,4,1673,6,586255034
201611,40113,6,1,4,3,5256783
201611,40113,28,2,114,96,274498418
201611,40138,19,3,9,7,111533218
201611,5,11,2,13827,3709,10252806160
201611,40113,4,3,8,4,42088857
201611,40136,22,2,2,2,2121351
201611,5,13,3,126,31,469622449
201611,40150,9,3,15,7,138976241
201611,40036,26,2,121,92,38430923
201611,40132,17,1,1,1,2399440
201611,40150,9,4,24,13,233601489
201611,40136,15,4,14,13,368651680
201611,40062,11,4,3,2,32700000
201611,40060,22,2,3,2,3422247
201611,40044,25,1,9,6,8418474
201611,40154,26,2,11,8,91974755
201611,40021,24,3,143,2,10300194
201611,40136,18,1,1,1,141712
201611,40002,16,1,455,362,312660595
201611,40021,20,1,966,354,62999494
201611,40138,19,1,476,13,89377100
201611,40002,13,1,229,197,162488015
201611,40002,13,4,10,6,609339038
201611,40036,24,4,52,12,641392880
201611,40002,14,3,143,88,949484210
201611,40044,22,4,29,11,1337611048
201611,40062,5,4,25,11,1362477969
201611,40112,30,4,43,2,239464449
201611,40062,13,2,11,5,14910431
201611,40131,7,1,15,14,305159
201611,40131,5,3,8,3,23922107
201611,40002,26,2,1187,999,1190369914
201611,40072,15,4,247,107,8499355104
201611,40021,26,3,104,15,77678427
201611,40058,29,2,2,1,1053248
201611,40021,28,4,721,23,2065277940
201611,40156,1,4,1,1,20073147
201611,40156,5,3,1,1,35165984
201611,40002,18,4,4,1,168634450
201611,40058,27,4,5,2,60389466
201611,40138,5,4,2,1,93271292
201611,40113,31,4,7,4,272368143
201611,40136,9,2,46,41,220280116
201611,40002,21,4,119,41,5708237203
201611,40112,25,1,1,1,8648713
201611,40143,23,4,3,2,305357901
201611,40133,5,1,4,3,11197753
201611,40102,28,2,2,1,32984792
201611,40002,25,3,44,34,381953191
201611,40106,22,4,5,3,239587241
201611,40136,28,2,3,3,379174
201611,40136,1,3,1,1,22906
201611,40062,26,1,79,34,13612597
201611,40036,16,4,7,7,234446
201611,40113,18,1,64,64,20912503
201611,40042,8,5,1,1,226640313
201611,40154,28,2,158,146,66464806
201611,40062,6,1,139,58,46332338
201611,40154,32,1,2,2,1999489
201611,40147,22,2,13,3,51697728
201611,40042,17,2,2,2,17020876
201611,40138,25,3,2,1,22766123
201611,40062,5,2,292,102,108560099
201611,40044,14,1,56,42,109463083
201611,40030,11,3,781,125,1147446842
201611,40132,22,4,12,2,701074946
201611,40060,9,4,47,11,491934993
201611,40037,20,1,1,1,6
201611,40128,32,2,1,1,11720365
201611,40012,11,2,1285,669,1054232960
201611,40136,11,2,2,2,38960
201611,40136,9,4,53,35,2627540012
201611,40036,18,4,2,2,99490
201611,40143,19,4,1,1,112594454
201611,40133,7,1,3,2,25099149
201611,40132,8,1,2,1,7622954
201611,40145,25,4,2,1,38341533
201611,40021,8,4,1388,31,2073812572
201611,40154,11,2,12,10,13345160
201611,40012,10,3,26,18,158330923
201611,40152,9,2,14,9,54828253
201611,40113,28,3,12,8,52281937
201611,40030,9,4,1027,141,15197893876
201611,40150,3,4,5,2,17084234
201611,40137,11,1,2,2,2175463
201611,40036,15,4,251,31,4206135119
201611,40113,27,4,5,3,255989053
201611,40030,13,3,22,5,64916117
201611,40138,1,4,3,2,31290461
201611,40147,5,2,2,1,3723755
201611,40133,4,1,1,1,142386
201611,40143,30,2,2,1,603518
201611,40021,13,2,131,62,38951802
201611,40014,7,4,16,10,99363243
201611,40060,31,2,7,6,22366156
201611,40072,25,1,1344,1022,438797262
201611,5,14,5,18,4,557980210
201611,40072,16,1,517,406,164335288
201611,40002,17,4,22,12,689019771
201611,40150,8,1,4,2,16804407
201611,40072,14,3,287,150,849815934
201611,40072,15,2,2188,1417,1847271067
201611,5,16,3,989,77,1205758513
201611,40044,11,1,20,15,42717221
201611,40133,18,1,1,1,452415
201611,40113,9,1,105,83,425642981
201611,5,9,4,70435,1764,6.09314E+11
201611,5,11,5,1,1,0
201611,5,15,1,34175,22745,12536683219
201611,40036,12,2,13,11,503567
201611,40113,7,3,6,2,54117715
201611,40036,10,4,1,1,41882
201611,40132,16,4,36,3,1956475156
201611,40072,21,2,752,496,765681206
201611,40036,7,1,136,118,10783377
201611,40036,3,5,1,1,217667832
201611,40133,15,4,13,6,458767487
201611,40059,14,2,14,9,97388664
201611,40036,5,3,7,3,29751734
201611,40036,6,2,18,13,3314132
201611,40036,4,4,14,4,1324622458
201611,40002,22,2,1181,956,939591459
201611,5,10,3,206,57,644184241
201611,5,8,5,12,5,1266488595
201611,40072,19,4,769,225,32617522542
201611,5,24,2,3773,1505,3455788930
201611,40113,14,3,19,16,88358082
201611,40058,21,1,59,44,46970964
201611,40012,20,1,2222,1584,522002317
201611,40133,30,2,3,3,5452782
201611,40021,14,3,1234,44,371506823
201611,40110,14,4,2,2,19002576
201611,40014,18,1,438,333,250513640
201611,40002,7,1,368,288,221978288
201611,40014,16,3,59,20,109644964
201611,40062,8,3,6,4,18367564
201611,40150,19,3,9,4,61251506
201611,40102,14,2,7,4,43176548
201611,40059,21,2,1,1,30105473
201611,40012,19,2,2126,1081,1925056452
201611,40113,15,2,49,43,212824298
201611,40152,25,4,26,1,64633118
201611,40062,6,2,104,41,42778255
201611,40012,18,3,245,10,92850648
201611,40021,19,4,31390,61,12492409488
201611,40021,13,4,137,7,556073603
201611,40133,31,1,5,5,3015691
201611,40012,999,3,4,2,2595151
201611,40030,2,4,37,7,117659757
201611,40002,25,2,1635,1331,1551143063
201611,40152,5,2,6,3,34652508
201611,40108,24,4,3,2,382428757
201611,40058,6,4,3,2,12594922
201611,40030,6,3,25,6,75962203
201611,40059,7,4,1,1,28111097
201611,40030,5,1,311,86,105561919
201611,40030,8,1,207,98,212700018
201611,40036,13,2,28,21,4220461
201611,40143,21,1,5,5,584146
201611,40030,4,2,8,2,8688255
201611,40154,5,4,2,2,101072463
201611,40036,11,4,87,15,1256674535
201611,40036,14,1,538,483,70236598
201611,40062,15,4,17,5,114212115
201611,40147,25,1,125,117,77661818
201611,40062,16,3,5,3,39417491
201611,40002,3,4,7,6,16857336
201611,40072,20,4,15,8,59844438
201611,40156,30,2,1,1,10018611
201611,5,14,3,4111,387,6083922171
201611,40058,24,4,42,13,724085910
201611,40012,13,2,535,252,332125216
201611,40131,30,1,382,375,6256669
201611,40060,13,4,2,1,21330953
201611,40042,13,4,2,2,224582512
201611,40002,30,1,581,482,531555999
201611,40036,22,2,59,50,29518583
201611,40036,20,4,7,6,427211
201611,40012,11,4,17433,69,5289745269
201611,40037,21,4,3,2,3470038941
201611,40058,24,1,264,188,181141946
201611,40058,27,1,4,4,466011
201611,40044,18,1,5,5,1028769
201611,40059,22,4,6,4,96587584
201611,40062,27,4,4,2,104120448
201611,40044,7,3,2,1,36041341
201611,40014,31,2,404,240,564570669
201611,40044,8,2,40,29,350274791
201611,40012,1,2,356,171,322351387
201611,40030,8,4,187,17,563527052
201611,40012,2,1,5755,4299,1632564946
201611,40021,3,2,139,61,53091961
201611,40059,15,2,15,10,112717184
201611,5,22,1,9186,5891,3808939839
201611,40058,10,3,16,9,56936378
201611,40102,25,3,1,1,30471073
201611,40036,14,4,41,20,574562181
201611,40132,31,3,10,4,51606613
201611,5,21,2,5652,2359,5564619250
201611,40058,15,1,277,210,283224827
201611,40058,9,4,194,101,5012298535
201611,40021,10,4,30,6,114838136
201611,40036,17,1,160,150,26233615
201611,40014,30,3,142,60,495951996
201611,40044,14,4,75,42,2947538586
201611,40136,29,4,2,1,80546887
201611,40021,11,2,640,198,359297624
201611,40133,27,1,1,1,111492
201611,5,27,1,5061,3207,1997463751
201611,5,25,3,1630,144,2477666518
201611,40072,999,3,1,1,22118334
201611,40136,31,2,3,3,8572146
201611,5,24,4,3667,95,13531834509
201611,40058,15,3,32,17,165194402
201611,40072,1,2,418,246,385780242
201611,40058,16,2,123,67,118507666
201611,40059,23,2,5,3,28606707
201611,40059,24,1,1,1,229816
201611,40058,22,2,88,54,254084684
201611,40112,999,4,7,3,1212855170
201611,40147,22,1,4,1,1906446
201611,40044,27,3,3,2,44742257
201611,40072,5,4,119,45,1916933512
201611,40012,22,1,5405,4060,1643116017
201611,40072,8,1,895,644,461741774
201611,40021,23,2,258,155,123838941
201611,40030,22,1,529,116,441452930
201611,40042,27,1,2,1,1799296
201611,40143,17,2,1,1,214848
201611,40044,29,1,2,2,2631577
201611,40002,17,2,667,555,426063081
201611,40154,22,1,2,1,68828
201611,40012,21,2,1379,537,917653951
201611,40156,14,3,3,3,52230839
201611,40036,25,4,22,9,830040163
201611,40143,15,4,4,3,50947265
201611,40147,3,1,1,1,2321280
201611,40133,9,2,32,20,144466001
201611,40030,14,1,2021,483,1056894902
201611,40044,9,4,239,161,24413487951
201611,40102,9,1,20,17,131727313
201611,40113,19,4,40,31,961599855
201611,40072,5,2,1296,701,1004834108
201611,40030,23,1,2,1,11662129
201611,40150,19,2,4,2,27714475
201611,40113,11,1,13,12,10809946
201611,40014,14,4,1010,145,9144673160
201611,40021,30,1,1336,541,93809652
201611,40113,9,3,62,40,409982877
201611,40042,21,4,1,1,132602414
201611,40058,6,1,20,12,15914392
201611,40072,8,4,229,54,3173675922
201611,40014,17,1,736,543,491399363
201611,40021,29,2,332,26,22748990
201611,40042,32,2,8,6,27660277
201611,40059,5,3,2,1,20185352
201611,40036,7,2,36,25,3639596
201611,40012,17,3,64,12,85373119
201611,40037,7,3,2,1,1613238
201611,40058,3,4,4,1,31650854
201611,40106,999,1,1,1,945450
201611,40059,14,1,3,3,41107669
201611,40059,14,4,22,15,608064618
201611,40014,3,2,115,72,112252661
201611,5,23,4,6220,108,37565200440
201611,40058,16,1,167,127,140166663
201611,40102,9,3,25,19,162592627
201611,40113,4,4,15,8,565047629
201611,40002,19,4,331,129,30964776182
201611,40072,11,3,81,44,240055829
201611,40112,7,1,4,1,5539185
201611,40044,28,1,13,10,7802758
201611,40021,29,1,249,122,22069452
201611,40030,27,1,28,15,70034672
201611,40002,21,2,1445,1161,1371198054
201611,5,3,4,326,33,5913472046
201611,40143,14,1,5,4,6727498
201611,40156,14,2,1,1,5028712
201611,40060,19,2,1,1,179203
201611,40072,13,1,188,167,95272527
201611,40042,23,4,1,1,762891077
201611,40112,1,4,15,4,380120641
201611,40021,28,2,878,243,186932395
201611,40113,9,2,205,150,861942288
201611,40036,2,3,3,2,712537
201611,40072,25,3,123,53,251242682
201611,5,23,1,4680,2856,1998958020
201611,40012,8,2,691,407,622507569
201611,40110,19,1,1,1,32132804
201611,5,20,4,546,31,2440412092
201611,5,22,2,4304,1816,4307262055
201611,5,21,3,992,117,2000288501
201611,40154,15,1,1,1,10003495
201611,40059,22,2,7,6,92120061
201611,40014,5,3,73,39,318612021
201611,40002,31,1,221,178,191675392
201611,40044,11,3,16,10,171068197
201611,40012,7,3,250,24,120578190
201611,40156,9,1,11,11,145016201
201611,5,25,5,15,3,4885031395
201611,40154,16,3,3,2,16401643
201611,40127,9,4,11,9,7242335098
201611,40138,19,4,290,7,293916345
201611,40136,24,1,1,1,13926
201611,40113,13,1,6,5,9584294
201611,5,27,3,380,59,807772509
201611,5,26,4,2531,157,18612153392
201611,5,32,4,77,26,1453134731
201611,5,29,1,1977,1353,693103308
201611,40108,1,2,2,2,14109048
201611,40044,22,1,19,14,77942901
201611,40127,15,4,1,1,1145299999
201611,40062,27,1,8,5,3628799
201611,40137,5,3,2,1,6743969
201611,40112,16,2,2,2,7057866
201611,40138,4,3,2,1,11225474
201611,40062,26,2,66,21,28296554
201611,40152,9,1,24,10,70320377
201611,40131,5,1,364,351,17529806
201611,40150,30,2,5,4,19499586
201611,40102,24,1,1,1,5022861
201611,40012,2,4,2808,48,3634453189
201611,40060,13,1,3,1,7332357
201611,40154,10,2,4,4,5550491
201611,40113,5,1,30,27,28541296
201611,40145,32,4,5,1,74951825
201611,40152,11,4,3,1,93893984
201611,40150,2,3,3,1,27618021
201611,40058,9,2,722,423,2177619393
201611,40012,26,1,4481,3050,1367497520
201611,40154,14,3,1,1,7251928
201611,40037,9,5,6,5,1850649530
201611,40014,24,1,773,568,466003482
201611,40108,1,3,1,1,2921262
201611,40143,29,1,1,1,937775
201611,40145,9,1,16,13,48568776
201611,40012,25,2,1195,346,919487221
201611,40154,16,1,32,22,60886184
201611,40058,10,1,91,66,67379544
201611,40072,8,5,3,3,494112896
201611,40014,22,3,123,21,341247291
201611,40072,13,3,27,12,131880993
201611,40147,32,2,5,2,11485730
201611,40154,18,2,2,2,4200170
201611,40044,2,4,60,31,3600185676
201611,40012,5,3,419,32,367300016
201611,40138,16,3,1,1,4817460
201611,40154,21,3,1,1,4017189
201611,40132,15,2,37,22,65628929
201611,40036,10,1,97,88,12548048
201611,40014,4,2,92,66,138730914
201611,40128,12,4,6,2,40104817
201611,40128,14,2,14,5,31916195
201611,40030,1,4,178,14,885549496
201611,40044,5,1,16,13,138366919
201611,40021,3,1,326,118,19278618
201611,40127,14,1,2,2,246315
201611,40014,29,3,10,5,42094983
201611,40060,9,1,31,20,91466486
201611,40147,8,1,1,1,11300
201611,40036,9,2,771,532,937466026
201611,40062,16,2,302,82,86472730
201611,40014,25,4,552,61,5344551438
201611,40036,8,3,11,3,41562733
201611,40042,30,3,1,1,2500595
201611,40136,19,2,12,12,33887618
201611,40154,22,2,1,1,378498
201611,40113,31,2,50,40,195112245
201611,40062,23,1,1,1,509514
201611,40131,16,2,7,7,229431
201611,40037,9,3,1,1,11442407
201611,40012,30,4,1483,52,3849735987
201611,40021,1,3,17,6,75137201
201611,40128,15,1,5,4,14574634
201611,40072,9,2,5451,3671,5159092966
201611,40150,12,1,1,1,4486113
201611,40021,19,2,1635,557,504445460
201611,40036,27,1,441,392,29668558
201611,40138,15,2,332,4,6453938
201611,40002,12,2,470,385,202662549
201611,40058,24,2,134,92,279649088
201611,40136,21,1,4,4,32302704
201611,40131,15,1,561,540,9118014
201611,40030,18,4,38,1,194292716
201611,40058,23,3,4,3,23540382
201611,40062,8,1,182,73,51295530
201611,40030,20,2,17,3,2903679
201611,40058,1,2,122,71,255689317
201611,40062,12,3,1,1,239935
201611,40132,14,1,27,16,143530285
201611,40060,23,1,17,8,30418591
201611,40133,13,1,5,4,1914931
201611,40131,17,2,1,1,12124
201611,40133,16,1,4,4,3485040
201611,40044,24,2,10,5,30631564
201611,40137,16,2,1,1,2704767
201611,40062,7,2,1,1,125438
201611,40137,19,2,1,1,3909389
201611,40072,8,3,107,43,259743037
201611,40152,25,1,1,1,4257320
201611,40044,30,2,36,28,279676975
201611,40002,24,1,206,172,102738774
201611,40136,26,4,1,1,40206666
201611,40113,30,1,145,140,125825388
201611,40030,12,1,86,24,27716161
201611,40014,8,3,82,40,432093496
201611,40072,27,4,45,7,861177859
201611,40136,9,1,37,37,64322289
201611,40062,24,2,57,21,14916236
201611,40150,31,2,12,6,50841859
201611,40030,14,2,3297,623,2187803853
201611,40002,20,1,247,199,124518232
201611,5,18,1,13069,5311,983629631
201611,5,15,4,14162,441,80475940785
201611,40030,6,2,217,64,223601919
201611,40131,19,2,282,165,406264725
201611,40014,32,3,19,10,46262264
201611,40150,6,4,2,1,9702768
201611,40044,23,3,4,2,39777741
201611,40150,9,1,43,27,194119841
201611,40030,21,1,246,54,184978005
201611,40058,2,1,529,406,285033382
201611,40133,14,3,3,3,28110459
201611,40060,23,4,3,2,108071116
201611,40062,30,4,1,1,5038864
201611,40036,25,2,62,51,30175616
201611,40154,11,4,1,1,2161391
201611,40152,9,4,14,9,409846649
201611,40102,25,4,1,1,15179714
201611,40150,14,1,10,6,55163099
201611,40058,6,2,12,9,52673755
201611,40136,16,1,1,1,5040036
201611,40145,9,4,94,13,355418480
201611,40152,14,2,2,1,14486657
201611,5,7,3,445,56,785528124
201611,40030,29,2,11,5,12013932
201611,40058,10,2,102,52,186725249
201611,40154,15,3,7,2,46408909
201611,40014,24,2,361,211,641489183
201611,40154,16,2,63,46,146487355
201611,40030,30,4,92,15,929387804
201611,40014,1,2,166,112,263502234
201611,40030,27,4,35,2,174075534
201611,5,9,1,117948,70877,56083308585
201611,40132,18,4,3,1,50814368
201611,40113,5,4,5,4,237499766
201611,40131,22,1,35,33,585872
201611,40113,8,1,182,146,383741493
201611,40131,19,4,51,17,1513740675
201611,40060,25,3,1,1,32979371
201611,40131,21,2,2,2,40604
